-2.37462;-1.26997;4.39797
-2.38926;-1.32403;4.44057
-2.40622;-1.21692;4.29103
-2.4646;-1.29205;4.41345
-2.55221;-1.25049;4.54796
-2.30333;-1.21716;4.18498
-2.39111;-1.22451;4.33739
-2.29975;-1.18594;4.23917
-2.26524;-1.32684;4.3707
-2.23201;-1.21698;4.27451
-2.24593;-1.26619;4.31775
-2.20691;-1.23182;4.16144
-2.33974;-1.22153;4.39423
-2.19379;-1.20911;4.27639
-2.19334;-1.29466;4.30572
-2.2429;-1.21036;4.21838
-2.28582;-1.20352;4.36754
-2.237;-1.27625;4.38044
-2.10996;-1.24677;4.36396
-2.10952;-1.27367;4.29459
-2.15367;-1.21292;4.35698
-2.11586;-1.26669;4.46448
-2.17692;-1.25922;4.3378
-2.18769;-1.30627;4.3766
-2.2332;-1.24467;4.44015
-2.08593;-1.27347;4.32855
-2.16051;-1.23344;4.45691
-2.09369;-1.22202;4.24483
-2.06276;-1.27694;4.36372
-1.87357;-1.22483;4.12511
-1.95595;-1.24789;4.29835
-1.89768;-1.17813;4.23397
-1.97751;-1.21348;4.33052
-1.85355;-1.22724;4.1662
-1.887;-1.21398;4.22631
-2.02876;-1.29969;4.30451
-1.94865;-1.25779;4.21199
-1.78837;-1.2639;4.20673
-1.86579;-1.25796;4.28525
-1.73517;-1.16124;4.12908
-1.72826;-1.17727;4.03918
-1.82679;-1.20731;4.26451
-1.81746;-1.3063;4.37669
-1.81264;-1.17484;4.13957
-1.79714;-1.25012;4.13656
-1.73631;-1.20604;4.15044
-1.72376;-1.07784;3.9068
-1.5506;-1.18173;3.89043
-1.69926;-1.15195;4.13163
-1.70301;-1.17664;4.2382
-1.65058;-1.17684;4.11958
-1.69739;-1.23147;4.34722
1.49599;-1.22983;4.17462
1.46571;-1.17041;4.00207
1.53077;-1.18532;4.07495
1.53713;-1.09585;3.93361
1.47834;-1.11418;3.85773
1.5361;-1.18507;3.97979
1.46904;-1.20493;3.99011
1.55651;-1.17417;4.15915
1.45631;-1.13248;3.99801
1.46423;-1.07353;3.84179
1.50648;-1.19616;3.99501
1.68432;-1.22176;4.05459
1.58044;-1.12277;3.74129
1.65762;-1.14007;4.03069
1.63612;-1.15971;4.06495
1.67663;-1.12382;3.99164
1.62326;-1.21424;4.10221
1.67772;-1.15739;3.97572
1.6322;-1.15708;3.9539
1.61079;-1.11208;4.02421
1.56239;-1.16725;3.85674
1.54939;-1.13302;3.84353
1.60117;-1.16674;4.06889
1.69822;-1.14176;3.84824
1.7769;-1.19145;4.11411
1.70491;-1.17595;3.93885
1.66331;-1.0926;3.78918
1.68461;-1.07715;3.85118
1.75779;-1.14678;4.09058
1.90099;-1.14494;4.06347
1.97919;-1.19414;4.12817
1.81562;-1.12803;3.87346
1.88992;-1.20264;4.00696
2.02923;-1.25518;4.21016
1.98639;-1.20208;4.05168
2.00359;-1.1795;4.10197
2.06856;-1.21745;4.13779
2.09803;-1.20725;4.12124
2.06858;-1.22379;4.04952
1.99936;-1.14918;4.0217
1.97491;-1.13415;4.06189
2.05774;-1.15365;4.06187
1.99701;-1.11609;4.03351
2.16749;-1.13108;4.05613
2.15642;-1.24464;4.14185
2.05989;-1.15955;3.98058
2.02217;-1.11015;3.9262
2.10347;-1.12562;4.00808
2.10413;-1.15652;3.99376
2.16372;-1.19683;4.0169
2.089;-1.12404;3.90025
2.04948;-1.16008;3.87904
2.21077;-1.14143;3.90553
2.24114;-1.18815;3.94165
2.14271;-1.0938;3.94587
2.18319;-1.154;3.92115
2.26552;-1.12665;4.09469
2.21901;-1.20148;3.96782
2.18385;-1.12001;3.93808
2.11002;-1.10966;3.87318
2.21116;-1.10919;3.92137
2.18667;-1.18053;3.99187
2.31736;-1.1365;4.03652
-2.38486;-1.12366;4.22405
-2.4872;-1.12776;4.40025
-2.44148;-1.12416;4.38982
-2.437;-1.15795;4.39678
-2.36361;-1.10158;4.39692
-2.32357;-1.15756;4.27074
-2.33636;-1.17813;4.37258
-2.52436;-1.07188;4.51618
-2.34868;-1.1374;4.38262
-2.33987;-0.974485;4.38368
-2.43402;-0.997338;4.40959
-2.48917;-0.978111;4.49879
-2.3551;-1.13079;4.31718
-2.36858;-1.09484;4.32869
-2.44536;-0.994524;4.35485
-2.37862;-1.10925;4.42597
-2.42652;-1.07015;4.34804
-2.30779;-1.03309;4.27385
-2.38593;-1.03228;4.40959
-2.3901;-1.17737;4.32239
-2.34501;-0.967362;4.31645
-2.37622;-1.0155;4.31442
-2.46193;-0.960692;4.37126
-2.20186;-1.1403;4.34333
-2.2434;-1.00363;4.44756
-2.26588;-1.07738;4.36176
-2.23367;-1.18725;4.34297
-2.27362;-1.12351;4.39295
-2.28036;-0.96535;4.42516
-2.34562;-1.06308;4.42525
-2.28089;-1.09584;4.47414
-2.29871;-1.08192;4.34798
-2.26196;-1.21608;4.48406
-2.24046;-0.957055;4.42551
-2.31791;-1.0064;4.35578
-2.29407;-1.12437;4.35343
-2.27623;-1.04083;4.36703
-2.28338;-1.0543;4.46302
-2.28546;-1.17284;4.43257
-2.27719;-1.1554;4.33542
-2.34106;-0.986444;4.46554
-2.23296;-1.11409;4.39172
-2.28408;-1.00019;4.36773
-2.34445;-0.98666;4.4724
-2.24454;-0.993673;4.36778
-2.08457;-1.15996;4.36124
-2.15436;-1.11044;4.48028
-2.11045;-1.1184;4.31573
-2.1845;-1.0686;4.44192
-2.1236;-1.15473;4.27689
-2.20054;-1.02371;4.37496
-2.24847;-1.13333;4.50833
-2.19972;-1.03534;4.45701
-2.2302;-1.08321;4.4528
-2.14652;-0.975871;4.41208
-2.03239;-1.16874;4.26377
-2.17265;-1.16638;4.53736
-2.06251;-1.03131;4.3483
-2.10898;-1.01324;4.43371
-2.0879;-0.959814;4.37004
-2.18381;-0.984002;4.40675
-2.0918;-1.14962;4.29198
-2.07476;-0.985169;4.27333
-2.2014;-1.15282;4.42557
-2.11118;-1.07463;4.30138
-2.08582;-1.03114;4.31407
-2.11572;-1.01595;4.44871
-2.14348;-0.997323;4.58262
-2.09539;-1.1379;4.45586
-1.84151;-0.9884;4.12017
-1.96424;-1.13165;4.35493
-2.00282;-1.05323;4.31908
-1.87942;-1.12247;4.17382
-1.94999;-0.914131;4.23334
-2.05159;-1.06804;4.34115
-1.98909;-1.17744;4.33961
-1.99354;-1.12123;4.24512
-1.87868;-1.05246;4.22567
-1.9672;-1.14491;4.20317
-1.52085;-0.86599;3.31829
-2.10284;-1.02317;4.50929
-1.85123;-1.02397;4.32487
-1.81019;-1.0407;4.24244
-1.74696;-1.05439;4.19823
-1.82307;-1.16067;4.23692
-1.88361;-0.982656;4.2924
-1.8178;-1.12873;4.3001
-1.83108;-1.11091;4.14712
-1.98585;-1.16231;4.4991
-1.82311;-1.03541;4.1819
-1.83131;-1.12183;4.23908
-1.83681;-0.974247;4.27025
-1.68962;-0.985657;4.03174
-1.8063;-0.981817;4.1237
-1.81873;-1.09584;4.28261
-1.71752;-0.920994;4.06554
-1.87035;-1.10936;4.31517
-1.78861;-1.00154;4.26366
-1.70376;-1.09649;4.03188
-1.65632;-1.03069;4.15366
-1.77823;-1.00958;4.33451
-1.72543;-0.989079;4.29718
-1.75762;-1.03864;4.30147
-1.64961;-1.05281;4.05875
-1.70105;-1.11389;4.11685
-1.6922;-0.931612;4.1884
-1.65554;-1.07292;4.17139
-1.7648;-1.17689;4.38095
-1.6479;-1.00931;4.03567
-1.67857;-1.00502;4.1925
-1.83471;-1.15834;4.44096
-1.67329;-0.909422;4.04445
-1.64124;-0.917437;4.15076
-1.65292;-0.958664;4.20406
-1.8929;-1.2082;4.90072
-1.79789;-1.01784;4.68594
1.36718;-0.896445;3.88303
1.43948;-1.09192;3.97428
1.50134;-0.911334;4.16173
1.38507;-0.870984;3.9509
1.49761;-0.944074;4.13137
1.54876;-1.10477;4.06812
1.57404;-0.963955;4.1183
1.50507;-0.98119;4.01835
1.54339;-1.03566;4.09463
1.57875;-0.967557;4.02272
1.45019;-1.03769;3.93085
1.51164;-1.04832;3.89083
1.67228;-0.956737;4.28621
1.46186;-0.957817;4.01793
1.60258;-1.07581;4.12985
1.5261;-1.05691;4.03197
1.53419;-0.908979;4.03947
1.63648;-0.968691;4.18038
1.50704;-0.921839;4.06187
1.57808;-1.02429;4.08997
1.61558;-1.01944;4.20084
1.51072;-1.11029;4.0642
1.50911;-0.954183;4.04759
1.47114;-1.01965;4.00374
1.51138;-0.888739;4.09303
1.66098;-1.01945;4.1122
1.63444;-0.969009;4.06897
1.66278;-1.11472;4.06069
1.66557;-1.05531;4.00243
1.68069;-0.971181;4.09097
1.61743;-0.870322;3.98155
1.58823;-1.00267;4.02687
1.61421;-0.929738;4.03958
1.58477;-1.03731;3.80204
1.71292;-0.962274;4.08062
1.70493;-0.891964;4.09897
1.70133;-0.924915;4.07219
1.65145;-1.01496;3.98834
1.67542;-0.96725;3.97922
1.67668;-0.935903;4.10028
1.64841;-1.07614;4.04561
1.63429;-1.03675;4.03114
1.6245;-1.09322;4.07432
1.63014;-0.905172;4.09593
1.56443;-1.02174;3.95151
2.02907;-1.13741;4.56718
1.69897;-1.01432;4.01431
1.7396;-0.920321;4.07519
1.66841;-1.03707;3.83316
1.71222;-1.08785;4.00783
1.67509;-0.973763;3.88296
1.69047;-0.920851;3.95068
1.65422;-1.02124;3.89703
1.36697;-0.694872;3.1247
2.03259;-1.06761;4.61393
1.71005;-0.964483;3.97634
1.73265;-1.04061;3.9909
1.98049;-1.03723;4.12361
1.82474;-1.0403;3.94127
1.79005;-0.928963;3.91886
2.00508;-1.14398;4.21408
1.8455;-1.0815;3.96741
1.97503;-0.968784;4.14622
1.81451;-0.879162;4.00232
1.8278;-0.915111;4.01384
1.95688;-1.05054;4.15198
2.05745;-1.13714;4.33703
1.99693;-1.01181;4.17315
1.78394;-0.839478;3.8657
1.73081;-0.848921;3.74076
1.94786;-0.892198;4.12468
1.99284;-0.941903;4.19897
2.00004;-1.0802;4.14544
2.07026;-1.03692;4.06346
2.06902;-0.913985;4.03893
2.03993;-1.11107;4.04465
1.99137;-0.916896;4.1208
2.07599;-0.943033;4.12189
2.04674;-0.951483;4.13878
1.98464;-0.980469;4.07475
2.04201;-1.0161;4.09701
2.12891;-0.905946;4.16647
1.95883;-1.0906;4.04767
1.98199;-0.947367;4.08574
1.99379;-1.05044;4.05986
2.06844;-0.972354;4.09168
2.09022;-1.10403;4.1563
2.07414;-0.9067;4.13491
2.05843;-0.990169;4.14489
2.05858;-1.05713;4.11231
2.00513;-1.0231;4.09835
1.95991;-1.06639;3.97782
2.13482;-1.03596;4.20047
2.0507;-0.919436;4.16283
2.07776;-1.07396;4.06131
2.16924;-1.03267;4.10685
2.13471;-1.10742;4.08121
2.07444;-0.922886;3.96568
2.23302;-1.07099;4.1366
2.03966;-1.08776;3.9743
2.10422;-1.07054;3.95767
2.1202;-0.956968;3.96643
2.1459;-1.05507;4.0489
2.19777;-0.919106;4.13669
2.12852;-1.00685;4.11762
2.15278;-0.993427;4.09262
2.22122;-1.09876;4.09989
2.12242;-1.06595;4.07485
2.1614;-0.920619;3.98875
2.28296;-0.930801;4.21963
2.18684;-1.01721;4.07022
2.21203;-1.00854;4.28872
2.15479;-1.05123;4.15016
2.14912;-0.892719;4.13298
2.15176;-0.935907;4.03844
2.3096;-1.00012;4.08469
2.15653;-0.979838;3.95082
2.27362;-0.905532;4.13495
2.19231;-0.941999;3.96339
2.25804;-1.03458;4.04666
2.23175;-0.927716;4.04613
2.3408;-0.911987;4.18362
2.2129;-0.993361;3.90586
2.28154;-1.05313;4.00714
2.25611;-1.00313;4.05809
2.19505;-1.02977;4.00298
2.26819;-1.10555;4.03324
2.19878;-0.967578;4.03972
2.24464;-1.06159;4.00843
2.28242;-0.932954;3.98986
2.26733;-0.952282;4.02747
2.34058;-1.11328;4.09097
2.30943;-0.937792;4.11365
2.3225;-0.981183;4.04212
-2.50368;-0.93138;4.43473
-2.51967;-0.691598;4.45189
-2.48234;-0.72265;4.39766
-2.3799;-0.847926;4.19203
-2.55789;-0.749019;4.61546
-2.40054;-0.856586;4.30376
-2.41002;-0.950817;4.42698
-2.44855;-0.841006;4.45489
-2.42653;-0.907942;4.36685
-2.46475;-0.836888;4.40974
-2.44752;-0.756034;4.4231
-2.42329;-0.791267;4.39205
-2.44822;-0.925949;4.48448
-2.37172;-0.945998;4.43067
-2.43383;-0.799389;4.48969
-2.42977;-0.715486;4.53037
-2.36208;-0.728315;4.33791
-2.36055;-0.856294;4.37879
-2.374;-0.861286;4.40486
-2.42045;-0.871551;4.41669
-2.59267;-0.843506;4.63192
-2.40337;-0.706359;4.40074
-2.42548;-0.925031;4.51997
-2.40467;-0.750951;4.49708
-2.38899;-0.824043;4.41882
-2.36063;-0.782181;4.50701
-2.35002;-0.741016;4.46941
-2.29783;-0.884597;4.42956
-2.3373;-0.8116;4.3963
-2.30531;-0.726932;4.46106
-2.3978;-0.793534;4.49917
-2.33619;-0.861919;4.48974
-2.34713;-0.903389;4.44634
-2.32782;-0.932586;4.42448
-2.25293;-0.792685;4.38682
-2.3328;-0.78441;4.53288
-2.27865;-0.726178;4.48871
-2.35246;-0.825007;4.5063
-2.23962;-0.913388;4.40775
-2.25769;-0.881484;4.42836
-2.28338;-0.771724;4.51515
-2.28824;-0.836719;4.31471
-2.3836;-0.708274;4.52005
-2.25175;-0.798365;4.46656
-2.2833;-0.921667;4.41589
-2.25776;-0.837142;4.4126
-2.1544;-0.818222;4.44662
-2.13032;-0.774357;4.46351
-2.14433;-0.943811;4.4766
-2.20336;-0.788339;4.44892
-2.20392;-0.824775;4.38318
-2.22838;-0.872881;4.45143
-2.18263;-0.86481;4.43866
-2.21161;-0.955105;4.4487
-2.22673;-0.710049;4.46479
-2.1243;-0.814436;4.46792
-2.22932;-0.757665;4.48674
-2.19973;-0.828946;4.45817
-2.11313;-0.884098;4.3916
-2.15398;-0.862427;4.46283
-2.15429;-0.69365;4.39505
-2.15005;-0.738082;4.48928
-2.16094;-0.735128;4.42659
-2.19555;-0.904177;4.39855
-2.16294;-0.940172;4.43063
-2.18045;-0.787886;4.48547
-2.24211;-0.939517;4.58295
-2.09014;-0.77248;4.5537
-2.07387;-0.87579;4.39171
-2.05398;-0.922567;4.45315
-1.95428;-0.68267;4.31309
-2.0697;-0.800518;4.4347
-2.13408;-0.738794;4.54303
-2.10903;-0.858164;4.54185
-2.09875;-0.848629;4.4289
-2.05104;-0.799619;4.48271
-2.09307;-0.894605;4.52415
-2.04264;-0.713252;4.42668
-2.10253;-0.766882;4.49118
-2.08062;-0.921986;4.42419
-1.69971;-0.882134;4.09346
-1.79358;-0.772374;4.25602
-1.80502;-0.895428;4.34326
-1.65877;-0.633423;3.8813
-1.73531;-0.669889;4.16336
-1.73908;-0.918609;4.29141
-1.70503;-0.781668;4.24058
-1.71344;-0.669098;4.20209
-1.63833;-0.806336;4.18128
-1.70233;-0.910346;4.29445
-1.60553;-0.673446;4.13008
-1.74174;-0.768046;4.41917
-1.74682;-0.752249;4.23181
-1.8115;-0.745826;4.378
-1.74908;-0.718236;4.31596
-1.74414;-0.891192;4.38534
-1.6465;-0.79516;4.10509
-1.7528;-0.764023;4.34576
-1.56659;-0.807717;4.00586
-1.61406;-0.720065;4.17393
-1.67565;-0.842347;4.10584
-1.64708;-0.682262;4.14437
-1.67623;-0.779775;4.26338
-1.73412;-0.914371;4.2784
-1.59722;-0.721231;4.2301
1.50947;-0.759554;4.16834
1.44637;-0.78815;4.07868
1.48232;-0.873;4.13197
1.39354;-0.843779;3.99339
1.44972;-0.751594;4.22825
1.46203;-0.667779;4.08523
1.50141;-0.706305;4.41458
1.42785;-0.805206;4.12657
1.47304;-0.834651;4.1284
1.46365;-0.663835;4.20788
1.50344;-0.721657;4.17319
1.49138;-0.784765;4.10122
1.49119;-0.775071;4.21821
1.53737;-0.845726;4.08613
1.65231;-0.782786;4.2252
1.62523;-0.898314;4.19189
1.54919;-0.792649;4.04496
1.52158;-0.867098;4.0277
1.59734;-0.688935;4.13035
1.54712;-0.785002;4.14989
1.59849;-0.745962;4.20487
1.63651;-0.810549;4.16778
1.61344;-0.644396;4.09961
1.55418;-0.765118;4.07593
1.56486;-0.727382;4.23482
1.50336;-0.853004;4.0924
1.57764;-0.766536;4.24697
1.59117;-0.723446;4.09651
1.53017;-0.809757;4.08757
1.61206;-0.857241;4.17952
1.54505;-0.845371;4.21883
1.53171;-0.678902;4.17059
1.58624;-0.769812;4.26883
1.69632;-0.683675;4.18936
1.6256;-0.788559;3.95373
1.71515;-0.772292;4.09303
1.68656;-0.846406;4.0754
1.717;-0.674595;4.15104
1.65988;-0.706633;4.08624
1.73181;-0.814904;4.11237
1.67156;-0.723451;4.01194
1.76259;-0.66923;4.17002
1.66648;-0.766951;4.16939
1.65009;-0.853576;4.18041
1.64958;-0.882559;4.16092
1.62721;-0.71355;4.09535
1.65393;-0.855653;4.08441
1.66548;-0.777164;4.06262
1.7246;-0.769516;4.21733
1.63132;-0.681864;4.12373
1.80919;-0.842953;4.00813
1.90549;-0.896741;4.39483
1.71878;-0.872782;4.048
1.76751;-0.863649;4.17446
1.89059;-0.687022;4.18593
1.93208;-0.837763;4.49142
1.90039;-0.754802;4.45942
1.98779;-0.871907;4.22279
1.83132;-0.731657;4.02827
1.8947;-0.668198;4.11652
1.86663;-0.714879;4.11816
1.95595;-0.667974;4.16536
2.06966;-0.764215;4.45951
1.97616;-0.656275;4.13036
2.02502;-0.902526;4.20288
1.98287;-0.768549;4.26385
2.06351;-0.714433;4.28754
1.76448;-0.801043;3.84131
1.98786;-0.71717;4.21235
1.81432;-0.755998;3.97659
1.9619;-0.838276;4.09521
1.97309;-0.744784;4.16636
2.07231;-0.734858;4.21252
2.11328;-0.889171;4.22574
2.15381;-0.846241;4.24562
2.07946;-0.719016;4.15272
1.97622;-0.822896;4.05033
1.98611;-0.636118;3.9217
2.1463;-0.878116;4.21524
2.1567;-0.726238;4.22584
2.08859;-0.683957;4.18641
2.04002;-0.884153;4.15801
2.05798;-0.799066;4.15233
2.07934;-0.784141;4.12112
2.03196;-0.652079;4.16645
2.08623;-0.775636;4.22297
2.12862;-0.770605;4.23009
2.00875;-0.813944;4.04186
2.0476;-0.745829;4.23941
2.20349;-0.879075;4.24917
2.21035;-0.719489;4.25402
2.19486;-0.889559;4.14649
2.25223;-0.750153;4.24303
2.25339;-0.852635;4.19841
2.24159;-0.778681;4.20856
2.2643;-0.844288;4.30464
2.13975;-0.647145;4.07005
2.20142;-0.751989;4.22174
2.21344;-0.867856;4.11175
2.2474;-0.691528;4.18052
2.20721;-0.845431;4.27225
2.1531;-0.669067;4.16386
2.19241;-0.784545;4.18936
2.23801;-0.727009;4.14805
2.17595;-0.793552;4.07501
2.14008;-0.784202;4.16388
2.24444;-0.757891;4.14479
2.21602;-0.8616;4.20089
2.22599;-0.650686;4.15753
2.22639;-0.778079;4.34071
2.30979;-0.744404;4.12436
2.3117;-0.829975;4.16443
2.22535;-0.788562;4.09583
2.32675;-0.782575;4.13866
2.31685;-0.75881;4.05706
2.45513;-0.734131;4.31946
2.259;-0.658478;4.06686
2.31042;-0.797451;4.17724
2.3834;-0.732109;4.26561
2.30398;-0.884747;4.20322
2.3512;-0.825467;4.16521
2.43473;-0.762142;4.27005
2.31766;-0.658546;4.10191
2.32436;-0.733432;4.23186
2.32931;-0.770091;4.22512
2.29495;-0.849181;4.20253
2.26887;-0.851248;4.07532
-2.54227;-0.656497;4.47865
-2.62537;-0.502525;4.64823
-2.56205;-0.454031;4.51587
-2.49692;-0.641149;4.47169
-2.56379;-0.451365;4.59621
-2.45258;-0.635739;4.54318
-2.39503;-0.539006;4.4792
-2.43853;-0.670048;4.45349
-2.55592;-0.53823;4.61294
-2.43234;-0.506073;4.45717
-2.5036;-0.607665;4.46816
-2.37908;-0.573413;4.38626
-2.46122;-0.556054;4.45006
-2.45417;-0.555757;4.51428
-2.65566;-0.554499;4.71935
-2.49263;-0.645506;4.54042
-2.42721;-0.673424;4.50945
-2.45147;-0.473483;4.55679
-2.48286;-0.476315;4.53781
-2.42613;-0.666355;4.35344
-2.44381;-0.475032;4.3876
-2.44391;-0.510882;4.55813
-2.50721;-0.441339;4.56827
-2.52305;-0.569617;4.48926
-2.37084;-0.620669;4.54394
-2.36001;-0.447927;4.53881
-2.28309;-0.563304;4.51458
-2.30406;-0.645965;4.508
-2.33117;-0.616754;4.54654
-2.36325;-0.654715;4.46465
-2.34173;-0.489563;4.60144
-2.36446;-0.578391;4.51475
-2.39597;-0.629;4.51249
-2.37391;-0.495261;4.50119
-2.35059;-0.658371;4.51961
-2.35728;-0.577045;4.58289
-2.29026;-0.433513;4.47956
-2.2691;-0.678193;4.45276
-2.36308;-0.701753;4.56162
-2.2771;-0.431716;4.45248
-2.35449;-0.536481;4.56042
-2.46121;-0.600005;4.62436
-2.41035;-0.545889;4.5898
-2.37663;-0.45298;4.49061
-2.33663;-0.532703;4.60804
-2.36228;-0.492403;4.55963
-2.15256;-0.576723;4.51163
-2.1773;-0.62196;4.58453
-2.19218;-0.580228;4.51068
-2.25584;-0.639449;4.57731
-2.16188;-0.65757;4.47987
-2.16722;-0.61673;4.47399
-2.21936;-0.540469;4.46662
-2.26858;-0.68183;4.53544
-2.26049;-0.517238;4.53497
-2.26659;-0.597128;4.49729
-2.2063;-0.460958;4.57525
-2.13355;-0.689069;4.43582
-2.1886;-0.497857;4.55483
-2.30384;-0.481584;4.69625
-2.18619;-0.535404;4.4806
-2.23474;-0.590558;4.51523
-2.32399;-0.484757;4.65069
-2.19488;-0.66388;4.46483
-2.27575;-0.519326;4.65429
-2.14479;-0.530114;4.47679
-2.25981;-0.63752;4.50004
-2.08782;-0.479119;4.50966
-2.04741;-0.589908;4.47334
-2.05293;-0.681395;4.52319
-2.12149;-0.529123;4.51374
-2.15329;-0.4497;4.54797
-2.06447;-0.676263;4.45834
-2.08514;-0.55602;4.45073
-2.10789;-0.648822;4.53827
-2.11791;-0.650144;4.47088
-2.08812;-0.676659;4.42323
-1.79331;-0.556693;3.98684
-2.1358;-0.489129;4.52734
-2.07266;-0.558195;4.51228
-1.83164;-0.453494;4.1107
-2.11373;-0.525898;4.58734
-2.11356;-0.659738;4.64441
-2.08653;-0.523986;4.61863
-2.09465;-0.481634;4.61802
-1.94875;-0.446719;4.36961
-2.08445;-0.599644;4.467
-2.08051;-0.434685;4.47469
-1.886;-0.509641;4.34986
-1.86495;-0.626204;4.3561
-1.98391;-0.504841;4.56845
-1.86234;-0.507193;4.38613
-1.78872;-0.641312;4.18612
-1.86276;-0.632587;4.44724
-1.66037;-0.578714;4.21726
-1.71943;-0.600003;4.27598
-1.79677;-0.538451;4.43711
-1.80785;-0.668001;4.42765
-1.72625;-0.563362;4.374
-1.71052;-0.640638;4.37435
-1.67016;-0.531391;4.03226
-1.67555;-0.428942;4.27598
-1.69986;-0.42514;4.14506
-1.70512;-0.551462;4.21741
-1.74103;-0.526659;4.3923
-1.83758;-0.632334;4.48313
-1.64994;-0.429199;4.31009
-1.769;-0.461939;4.75655
-1.59642;-0.453601;4.18232
-0.527286;-0.365226;3.54156
-0.301182;-0.225533;1.74684
-0.49293;-0.434644;3.63429
-0.441173;-0.39397;3.69583
-0.462792;-0.471934;3.7237
-0.505595;-0.36672;3.62723
-0.466525;-0.393285;3.62367
-0.512611;-0.389541;3.47312
-0.499488;-0.400906;3.63255
-0.534309;-0.486283;3.77572
-0.463813;-0.431945;3.66431
-0.471522;-0.358539;3.60709
-0.522671;-0.438217;3.61431
-0.486398;-0.464781;3.63638
-0.408534;-0.38816;3.69604
-0.378023;-0.427273;3.8202
-0.438377;-0.432731;3.74075
-0.429225;-0.460933;3.71615
-0.391059;-0.489713;3.73644
-0.413091;-0.393201;3.75067
-0.348441;-0.381879;3.7763
-0.334599;-0.449013;3.77931
-0.364867;-0.450064;3.73482
-0.339404;-0.412251;3.74457
-0.378704;-0.428431;3.82956
-0.42216;-0.494424;3.71406
-0.378417;-0.384054;3.73036
-0.359879;-0.488548;3.76303
-0.404168;-0.423859;3.72661
-0.400933;-0.461792;3.77299
-0.253797;-0.500946;3.78432
-0.310757;-0.413693;3.82621
-0.244026;-0.402987;3.85375
-0.235022;-0.430447;3.80189
-0.28504;-0.502323;3.73814
-0.260718;-0.468092;3.78068
-0.299471;-0.438;3.74774
-0.325194;-0.525436;3.85975
-0.327691;-0.482947;3.78124
-0.275023;-0.403489;3.786
-0.317969;-0.379415;3.82821
-0.294652;-0.477827;3.78951
-0.327065;-0.688071;4.76879
-0.269642;-0.439407;3.82352
-0.227385;-0.461797;3.78508
0.472887;-0.45617;3.78883
0.4637;-0.419873;3.77416
0.231167;-0.261381;2.19003
0.232992;-0.24715;2.08027
0.24436;-0.241264;2.17596
0.474034;-0.398486;3.89158
0.528777;-0.406046;3.76319
0.580627;-0.468775;3.78865
0.484218;-0.377402;3.73613
0.504844;-0.419968;3.82277
0.526533;-0.493396;3.86938
0.535967;-0.382185;3.84878
0.584722;-0.440944;3.85099
0.567758;-0.403151;3.79512
0.599163;-0.50959;3.85215
0.534942;-0.439673;3.7584
0.54223;-0.473019;3.7604
0.505447;-0.44952;3.7823
0.679286;-0.448873;3.77841
0.622373;-0.495709;3.79481
0.670858;-0.468723;3.90566
0.670903;-0.382633;3.80638
0.609637;-0.429973;3.80173
0.689199;-0.48206;3.79284
0.647007;-0.424491;3.8206
0.657181;-0.491136;3.80064
0.604067;-0.456143;3.73483
0.636654;-0.390349;3.80353
0.587783;-0.388025;3.72152
0.721231;-0.383235;3.88502
0.672282;-0.413857;3.77863
0.767337;-0.3917;3.75543
0.818528;-0.423583;3.80084
0.7863;-0.486844;3.7478
0.725867;-0.446891;3.83976
0.7484;-0.464012;3.75751
0.787712;-0.378761;3.70189
0.713309;-0.40962;3.81417
0.725017;-0.422464;3.68409
0.792596;-0.43329;3.83421
0.737388;-0.398919;3.77048
0.721801;-0.475422;3.78818
0.784672;-0.459672;3.77017
0.870295;-0.423871;3.87338
0.849005;-0.467931;3.89734
0.861866;-0.447951;3.81186
0.814816;-0.369067;3.67924
0.817508;-0.348637;3.56334
0.962939;-0.474586;4.06923
0.789924;-0.367208;3.43155
0.83869;-0.492306;3.82608
0.809432;-0.302264;2.72375
1.07384;-0.44585;3.81918
1.25959;-0.510112;4.42492
1.32942;-0.505222;4.67878
1.00454;-0.324207;3.24055
1.47428;-0.543829;4.19968
1.51088;-0.602024;4.15748
1.56285;-0.427174;4.29692
1.47685;-0.599432;4.28677
1.51712;-0.536279;4.21441
1.48705;-0.648425;4.17136
1.50707;-0.501697;4.20819
1.47488;-0.418195;4.16538
1.49976;-0.444481;4.33275
1.49131;-0.58721;4.22318
1.37485;-0.46033;4.07158
1.51883;-0.568204;4.19828
1.42074;-0.510766;4.17662
1.47543;-0.474072;4.24524
1.50324;-0.445949;4.12293
1.49114;-0.513849;4.26609
1.44124;-0.621241;4.1685
1.49621;-0.619303;4.21618
1.48967;-0.459345;4.18366
1.44747;-0.554733;4.22829
1.5693;-0.479443;4.17745
1.66824;-0.595389;4.26953
1.48545;-0.504654;4.03842
1.65382;-0.466056;4.20196
1.71641;-0.448143;4.37155
1.62443;-0.531642;4.29512
1.61428;-0.542268;4.15826
1.62071;-0.637737;4.2257
1.63281;-0.514456;4.22248
1.50847;-0.634037;4.13121
1.6264;-0.601509;4.26009
1.5121;-0.480689;4.12605
1.59488;-0.552099;4.20168
1.49288;-0.541402;4.038
1.59064;-0.60949;4.26551
1.53258;-0.400647;4.12433
1.57937;-0.446646;4.22257
1.62402;-0.617737;4.14317
1.64336;-0.44704;4.28756
1.72683;-0.620967;4.10766
1.69206;-0.495514;4.18507
1.72827;-0.545065;4.24962
1.85989;-0.559326;4.46428
1.71455;-0.573377;4.19996
1.7241;-0.611031;4.20351
1.83277;-0.499433;4.33254
1.61167;-0.390369;3.95006
1.81698;-0.452436;4.31615
1.65336;-0.436531;4.02803
1.63773;-0.528281;4.12596
1.73462;-0.468871;4.30374
1.73804;-0.524878;4.38392
1.77993;-0.500992;4.30073
1.71342;-0.584579;4.09507
1.67653;-0.612799;4.18035
1.69641;-0.585677;4.24602
1.71694;-0.591933;4.29462
1.74242;-0.434726;4.34131
1.88137;-0.649808;4.1836
2.01552;-0.522726;4.45527
1.94396;-0.618481;4.43616
1.90294;-0.641273;4.3291
1.77199;-0.550627;4.16115
1.8203;-0.458383;4.13906
1.81473;-0.524988;4.09317
2.03746;-0.603703;4.65866
1.86544;-0.435334;4.25371
1.76753;-0.584653;4.13347
1.73881;-0.606539;4.05297
1.84224;-0.600646;4.11801
2.03262;-0.453421;4.52791
1.79423;-0.523053;4.22843
2.00254;-0.4807;4.64069
1.86144;-0.575355;4.17552
2.03018;-0.564561;4.66236
1.85045;-0.501516;4.18665
2.05324;-0.494068;4.55318
1.9863;-0.463311;4.32929
1.90734;-0.618351;4.08309
2.04441;-0.498638;4.35081
1.98868;-0.586043;4.18822
2.00621;-0.431723;4.38809
2.0453;-0.461798;4.36985
1.91998;-0.520872;4.15801
2.04991;-0.515477;4.26714
1.97064;-0.617399;4.13585
2.06235;-0.573595;4.53548
2.02975;-0.473519;4.24348
1.99529;-0.591996;4.37704
2.05358;-0.448414;4.30732
2.02986;-0.529343;4.30454
1.90869;-0.635072;4.1623
1.98521;-0.602942;4.25835
2.00079;-0.578294;4.30705
1.95454;-0.491978;4.24636
2.00912;-0.558;4.24594
2.02295;-0.546159;4.19725
2.1733;-0.458763;4.2965
2.12989;-0.480264;4.36438
2.117;-0.551816;4.30606
2.10371;-0.635471;4.15867
2.0217;-0.630964;4.07392
2.06797;-0.573254;4.19478
2.17461;-0.564855;4.2512
2.11948;-0.49936;4.2521
2.20247;-0.540411;4.31906
2.24761;-0.51045;4.4205
2.14087;-0.520765;4.36913
2.14975;-0.578231;4.2777
2.21322;-0.432451;4.38799
2.04839;-0.604888;4.14095
2.02226;-0.61382;4.16358
2.10021;-0.530878;4.19928
2.13879;-0.431446;4.32158
2.1276;-0.46613;4.28373
2.10327;-0.605209;4.17295
2.1369;-0.574687;4.25328
2.03794;-0.582061;4.21059
2.12299;-0.440929;4.36751
2.33067;-0.552248;4.32055
2.23311;-0.542082;4.21573
2.32762;-0.587274;4.29962
2.23704;-0.492722;4.32616
2.16641;-0.599828;4.06584
2.3184;-0.424518;4.2746
2.27081;-0.520449;4.29983
2.20041;-0.591789;4.21159
2.21983;-0.43435;4.23801
2.2382;-0.583293;4.20998
2.30258;-0.432728;4.31656
2.22136;-0.527364;4.28117
2.13498;-0.595399;4.16116
2.34735;-0.497747;4.45488
2.11719;-0.622064;4.11307
2.31275;-0.476841;4.31959
2.29385;-0.508723;4.2704
2.14301;-0.610788;4.09141
2.20123;-0.55416;4.22861
2.2004;-0.414045;4.28963
2.1948;-0.446429;4.26364
2.32029;-0.623834;4.12105
2.39276;-0.53608;4.28953
2.23291;-0.584901;4.05061
2.37822;-0.498557;4.27917
2.37014;-0.602981;4.22066
2.33975;-0.628775;4.1542
2.33949;-0.578143;4.10292
2.41368;-0.451527;4.28709
2.44399;-0.472695;4.40858
2.32548;-0.572312;4.22647
2.3832;-0.512758;4.35796
2.39386;-0.57084;4.27649
2.20365;-0.627468;4.05064
2.44118;-0.562117;4.28909
2.46911;-0.461135;4.38169
2.3857;-0.408757;4.25427
2.32758;-0.41026;4.22181
2.30573;-0.532205;4.20701
2.31048;-0.620108;4.25389
2.29381;-0.456618;4.21612
2.30892;-0.637336;4.16783
2.43094;-0.469659;4.38604
2.52985;-0.45446;4.41525
2.42368;-0.631206;4.22987
-2.55601;-0.246308;4.5046
-2.68776;-0.213968;4.73001
-2.53696;-0.322086;4.49995
-2.43686;-0.341496;4.48107
-2.49454;-0.306261;4.65602
-2.56796;-0.240383;4.68341
-2.60293;-0.421387;4.65386
-2.55278;-0.275915;4.67033
-2.51332;-0.399759;4.56406
-2.75079;-0.212452;4.92752
-2.48964;-0.18883;4.51838
-2.46894;-0.178734;4.55731
-2.41952;-0.425469;4.47904
-2.70831;-0.299594;4.88215
-2.44128;-0.341091;4.56869
-2.62487;-0.276628;4.8923
-2.57444;-0.375221;4.58541
-2.60092;-0.2437;4.66489
-2.486;-0.22308;4.60643
-2.51525;-0.319047;4.53633
-2.46326;-0.388035;4.54753
-2.59685;-0.322418;4.77106
-2.48015;-0.35261;4.48576
-2.38793;-0.285891;4.6102
-2.36545;-0.369009;4.59866
-2.36078;-0.322941;4.65671
-2.38844;-0.416465;4.57869
-2.4409;-0.339508;4.64975
-2.4194;-0.379131;4.5422
-2.44653;-0.255915;4.62729
-2.48216;-0.301376;4.71467
-2.45426;-0.214272;4.6258
-2.3815;-0.327047;4.61423
-2.35297;-0.279422;4.62324
-2.29048;-0.351662;4.52901
-2.41941;-0.251361;4.65654
-2.37871;-0.370443;4.54274
-2.38302;-0.414413;4.65153
-2.43396;-0.425946;4.58703
-2.42488;-0.208222;4.65029
-2.31124;-0.232815;4.52063
-2.2472;-0.38648;4.62765
-2.27817;-0.265196;4.55337
-2.26442;-0.429041;4.50913
-2.18951;-0.37361;4.59133
-2.30855;-0.399023;4.58347
-2.31008;-0.355043;4.65547
-2.19674;-0.333034;4.58891
-2.25937;-0.302992;4.6177
-2.33555;-0.233484;4.65558
-2.23343;-0.177411;4.50949
-2.22475;-0.29883;4.45868
-2.15654;-0.408702;4.53696
-2.16405;-0.20165;4.55147
-2.2214;-0.339059;4.55418
-2.19821;-0.416967;4.53983
-2.19875;-0.2095;4.53908
-2.33163;-0.188414;4.62975
-2.22159;-0.418858;4.50402
-2.27744;-0.391848;4.60433
-2.25937;-0.218645;4.582
-2.16753;-0.286747;4.50703
-2.36172;-0.271691;4.81795
-2.15436;-0.245545;4.46062
-2.29142;-0.175075;4.72096
-2.04024;-0.38378;4.54706
-2.0845;-0.434766;4.5754
-2.07871;-0.314454;4.59923
-2.10169;-0.270574;4.63205
-2.14764;-0.368958;4.58922
-2.05355;-0.178781;4.57579
-2.18187;-0.19866;4.68236
-2.13596;-0.318629;4.63589
-2.14215;-0.231886;4.6123
-2.19416;-0.247742;4.6366
-2.22143;-0.292177;4.7159
-2.02165;-0.336734;4.48469
-2.10107;-0.226824;4.6112
-2.09541;-0.394526;4.58147
-2.1575;-0.323662;4.5923
-2.10039;-0.354949;4.57376
-2.02364;-0.213337;4.52488
-2.1165;-0.186492;4.62741
-2.10794;-0.401233;4.51828
-2.09839;-0.269471;4.53175
-1.91993;-0.359589;4.35515
-2.08118;-0.174154;4.73833
-1.63745;-0.299781;4.112
-1.76018;-0.410663;4.48372
-0.969827;-0.173479;2.38158
-1.75124;-0.404124;4.35624
-1.54076;-0.322351;3.96563
-1.92013;-0.396341;4.7802
-1.77647;-0.283311;4.56927
-1.6256;-0.297359;4.17829
-1.64228;-0.305541;4.32808
-1.73949;-0.409324;4.53572
-0.551798;-0.350939;3.68852
-0.447146;-0.359374;3.68668
-0.500294;-0.325247;3.5213
-0.450661;-0.321893;3.65303
-0.486271;-0.295081;3.62032
-0.484312;-0.334194;3.66538
-0.399359;-0.245655;3.64859
-0.241146;-0.116685;2.13005
-0.424925;-0.285214;3.6493
-0.367839;-0.279555;3.75373
-0.394272;-0.320352;3.75614
-0.332929;-0.271316;3.72651
-0.385457;-0.350363;3.73208
-0.340905;-0.240197;3.74339
-0.353292;-0.34516;3.74443
-0.421654;-0.322409;3.68938
-0.437776;-0.255585;3.7171
-0.361931;-0.315931;3.76906
-0.413672;-0.352237;3.67596
-0.378387;-0.247911;3.80349
-0.398892;-0.284391;3.727
-0.263729;-0.297037;3.8127
-0.301552;-0.265287;3.75673
-0.256867;-0.329544;3.81871
-0.322397;-0.340775;3.78287
-0.223329;-0.325542;3.82689
-0.329629;-0.309118;3.78606
-0.247531;-0.359101;3.76056
-0.285894;-0.376197;3.86595
-0.270722;-0.262195;3.81117
-0.239334;-0.261072;3.8772
-0.28722;-0.331401;3.7487
-0.230861;-0.291915;3.83944
-0.310435;-0.230992;3.79461
-0.295557;-0.302085;3.77545
-0.195696;-0.282651;3.79466
-0.186363;-0.304908;3.69814
-0.220039;-0.369565;3.95316
0.462819;-0.277204;3.73197
0.458223;-0.304027;3.65654
0.548408;-0.270594;3.8471
0.582982;-0.325039;3.77105
0.582469;-0.295999;3.80719
0.560653;-0.255003;3.72395
0.473974;-0.341603;3.71463
0.57277;-0.234308;3.83102
0.498252;-0.271522;3.74664
0.504336;-0.246525;3.82866
0.557056;-0.367745;3.77396
0.548697;-0.302653;3.80702
0.512506;-0.337549;3.74887
0.510204;-0.307776;3.77761
0.536222;-0.238652;3.81633
0.556056;-0.336047;3.80879
0.619097;-0.320753;3.78531
0.647946;-0.310595;3.76177
0.693822;-0.341081;3.78844
0.60997;-0.28531;3.77407
0.612393;-0.254588;3.82456
0.698268;-0.310817;3.8437
0.677512;-0.239971;3.81174
0.610638;-0.346589;3.70468
0.648778;-0.282185;3.8013
0.667578;-0.350665;3.82491
0.688833;-0.199019;3.73859
0.70864;-0.232554;3.79947
0.609985;-0.370532;3.88049
0.680211;-0.272246;3.79053
0.637389;-0.244418;3.77903
0.779904;-0.222154;3.81667
0.746144;-0.32139;3.72352
0.759011;-0.294212;3.81128
0.805628;-0.239618;3.75387
0.797765;-0.320692;3.80266
0.779574;-0.251271;3.78503
0.792914;-0.351817;3.75231
0.740152;-0.256524;3.7585
0.752483;-0.230363;3.84543
0.722557;-0.361404;3.73486
1.00851;-0.196278;4.88729
0.714437;-0.266731;3.79366
0.772056;-0.36198;3.80658
0.7488;-0.341063;3.88668
0.775304;-0.281483;3.73685
0.701325;-0.29335;3.70061
0.842701;-0.32838;3.68771
0.810257;-0.306544;3.71629
0.827815;-0.280014;3.81688
0.857504;-0.240365;3.82889
0.873492;-0.308908;3.83597
0.859381;-0.272448;3.80817
0.802853;-0.334446;3.65837
1.41248;-0.2986;4.28548
1.48924;-0.234195;4.55145
0.935052;-0.265362;2.97575
1.23416;-0.342807;3.83566
1.22903;-0.30841;3.84171
1.35347;-0.320706;4.09676
1.40217;-0.256771;4.27924
1.41742;-0.182444;4.36883
1.45633;-0.180369;4.36952
1.39182;-0.206005;4.16684
1.52254;-0.397577;4.31263
1.51071;-0.208298;4.39039
1.45105;-0.359937;4.24377
1.48605;-0.16965;4.34526
1.51696;-0.306108;4.24022
1.58409;-0.37258;4.49878
1.43074;-0.24968;4.25327
1.63758;-0.196621;4.51801
1.45125;-0.394946;4.22275
1.55237;-0.166816;4.4194
1.48965;-0.243582;4.31104
1.53927;-0.19581;4.36255
1.5658;-0.240426;4.4116
1.55672;-0.351992;4.32318
1.52073;-0.319641;4.35104
1.47279;-0.276503;4.2438
1.37572;-0.274261;4.07931
1.42135;-0.316795;4.18388
1.5421;-0.38349;4.26427
1.60871;-0.232186;4.42145
1.55989;-0.276516;4.37427
1.55009;-0.370812;4.18834
1.64188;-0.409615;4.30395
1.6506;-0.241719;4.21778
1.59517;-0.293428;4.24752
1.73802;-0.378737;4.46409
1.61483;-0.270894;4.41588
1.59609;-0.342972;4.32587
1.71007;-0.218353;4.47812
1.73851;-0.265378;4.52713
1.59417;-0.180785;4.3059
1.66817;-0.228389;4.47268
1.72882;-0.340997;4.46181
1.72872;-0.290575;4.38592
1.60183;-0.36376;4.22462
1.79583;-0.217995;4.58945
1.62497;-0.337235;4.30151
1.70487;-0.299941;4.42343
1.64219;-0.174178;4.33033
1.65034;-0.165316;4.25649
1.64447;-0.261568;4.39191
1.58334;-0.304691;4.31393
1.65461;-0.395922;4.24219
1.7649;-0.348414;4.34175
1.7673;-0.333776;4.45862
1.79569;-0.409423;4.48681
1.63871;-0.223663;4.102
1.8804;-0.314793;4.53641
1.70243;-0.374683;4.17792
1.69863;-0.298143;4.20562
1.82511;-0.376741;4.5769
1.87665;-0.353958;4.5084
2.02963;-0.295906;4.59624
1.77833;-0.240042;4.15092
1.90408;-0.367294;4.37377
2.01649;-0.372214;4.53056
2.05595;-0.4195;4.59617
2.01291;-0.335327;4.54132
1.9142;-0.233015;4.28171
1.88092;-0.324896;4.34122
2.02762;-0.217792;4.62989
1.97674;-0.19985;4.43282
1.84412;-0.174938;4.33256
2.00336;-0.164458;4.5079
1.79138;-0.277061;4.16232
1.79435;-0.20491;4.20401
1.94343;-0.27282;4.32639
2.06946;-0.262484;4.70152
1.89392;-0.404657;4.33336
1.94387;-0.309478;4.30992
1.99111;-0.173772;4.56936
2.048;-0.408772;4.31322
2.02785;-0.268221;4.42118
1.99622;-0.409913;4.28685
2.05151;-0.358031;4.25958
2.04;-0.386449;4.39365
2.03036;-0.294699;4.32819
2.06067;-0.365724;4.53794
2.06761;-0.336534;4.38675
2.01038;-0.191551;4.41998
2.10105;-0.250806;4.40832
2.06594;-0.375197;4.36622
2.00133;-0.216927;4.30276
2.10183;-0.17854;4.44386
2.06884;-0.321098;4.31045
2.07247;-0.210231;4.36791
1.97627;-0.388636;4.34313
2.12875;-0.294351;4.44663
2.12783;-0.166978;4.41614
2.04927;-0.312319;4.44782
2.00922;-0.228252;4.39997
1.96418;-0.332771;4.25495
2.08174;-0.183645;4.485
2.1025;-0.264941;4.49237
2.124;-0.340596;4.25062
2.17801;-0.185598;4.34304
2.19139;-0.237733;4.42881
2.16336;-0.401562;4.38524
2.17783;-0.324443;4.44718
2.21182;-0.377722;4.32697
2.18206;-0.300309;4.30277
2.21054;-0.304116;4.35647
2.10601;-0.301547;4.23201
2.20216;-0.27958;4.43275
2.25094;-0.268954;4.44913
2.14221;-0.205731;4.42778
2.14085;-0.279554;4.39147
2.22647;-0.395095;4.42988
2.18646;-0.226238;4.34299
2.14331;-0.358174;4.36319
2.20615;-0.197389;4.47396
2.10868;-0.404345;4.35606
2.2652;-0.348895;4.4432
2.30416;-0.185155;4.50543
2.1695;-0.247969;4.46464
2.35735;-0.394683;4.3589
2.37154;-0.232591;4.3743
2.33847;-0.317392;4.35618
2.2219;-0.32913;4.28831
2.23042;-0.1688;4.29378
2.2678;-0.284403;4.3159
2.28498;-0.221395;4.45323
2.29567;-0.393998;4.31946
2.3024;-0.200927;4.33762
2.31473;-0.241258;4.34434
2.24814;-0.408613;4.30514
2.28627;-0.247382;4.36522
2.34176;-0.193635;4.3367
2.23652;-0.367172;4.29971
2.27116;-0.270488;4.25093
2.30567;-0.349101;4.28236
2.27935;-0.321025;4.32142
2.22278;-0.291269;4.30563
2.35729;-0.164997;4.45247
2.23147;-0.257378;4.33729
2.25786;-0.209091;4.32874
2.45889;-0.25539;4.3704
2.43521;-0.380616;4.35402
2.50034;-0.41212;4.38072
2.47989;-0.247031;4.33725
2.47854;-0.281027;4.54771
2.38099;-0.299239;4.29047
2.27204;-0.249071;4.11639
2.51599;-0.220008;4.48313
2.40125;-0.336972;4.31071
2.30654;-0.252342;4.17628
2.47479;-0.169981;4.35809
2.33436;-0.339579;4.26344
2.49021;-0.297487;4.40877
2.42644;-0.316183;4.44023
2.48033;-0.208489;4.35272
2.44211;-0.19027;4.44219
2.39609;-0.357739;4.21951
2.44471;-0.22714;4.43143
2.45717;-0.181413;4.39729
2.3751;-0.388812;4.31885
2.43696;-0.317818;4.4587
2.45558;-0.280193;4.2819
-2.5248;-0.14485;4.64835
-2.43401;-0.137287;4.55394
-2.54353;-0.149241;4.60411
-2.48042;-0.149541;4.40964
-2.39412;-0.157855;4.57277
-2.37093;-0.107822;4.67572
-2.39096;-0.150719;4.73487
-2.34887;-0.154553;4.56338
-2.22896;-0.164169;4.67591
-2.22568;-0.135449;4.5623
-2.32048;-0.142459;4.67548
-2.11028;-0.00686607;4.72582
-2.12823;-0.0619942;4.69149
-2.05954;-0.142289;4.47796
-2.13169;-0.141271;4.73859
-2.17278;-0.075684;4.60551
-2.21293;-0.155945;4.73303
-2.1851;-0.104625;4.74558
-2.09876;-0.0115642;4.60349
-2.06396;-0.0638295;4.4511
-1.86449;0.046819;4.30794
-1.94245;-0.0728262;4.4622
-2.00092;-0.129416;4.52691
-1.87214;0.0366226;4.2357
-1.95263;0.0766367;4.40907
-1.92598;0.0868545;4.43849
-2.05069;-0.0842227;4.62568
-1.50751;0.0377146;3.86926
-1.66714;0.0891578;4.28541
-1.76652;0.0563062;4.25251
-1.87795;0.0200851;4.55812
-1.55767;-0.0664195;4.06722
-1.63205;0.0127678;4.2312
-1.64658;0.0639069;4.46555
-1.60768;0.0943698;4.22385
-1.74529;-0.0266897;4.68202
-1.67862;0.0164439;4.46837
-1.68364;0.0520299;4.46118
-1.50339;0.0910926;4.38372
-1.39857;0.0920373;4.17029
-1.50144;0.0796512;4.2612
-1.10858;-0.147971;4.62384
-1.19121;-0.0670642;4.92032
-1.04447;-0.006019;4.58345
-1.03484;-0.133855;4.66131
-1.00119;0.0454063;4.52642
-0.977661;0.0777787;4.36844
-0.999293;0.0356531;4.32621
-0.948976;-0.0514012;3.98605
-1.08601;-0.0978641;4.6688
-1.0353;0.0725937;4.46033
-1.06858;-0.0489914;4.74241
-1.031;-0.037901;4.76304
-0.987778;0.00469123;4.49999
-1.05038;0.0728946;4.53242
-0.770751;0.0931413;4.58295
-0.770196;0.0826383;4.3192
-0.330196;-0.0642108;3.55527
-0.321867;-0.130407;3.63416
-0.362002;-0.103535;3.65138
-0.364803;-0.0058149;3.42618
-0.376007;-0.0728307;3.75027
-0.331759;-0.0977184;3.68424
-0.329351;-0.0295396;3.44376
-0.207583;-0.00429858;3.45052
-0.261482;-0.118302;3.72524
-0.293607;-0.0862573;3.58246
-0.268099;-0.0509438;3.57322
-0.297122;-0.0267205;3.41497
-0.231952;-0.0421498;3.45501
-0.232449;-0.0770427;3.64485
-0.233036;-0.115683;3.85774
-0.2029;-0.0379177;3.50976
-0.271105;-0.0853771;3.78605
-0.235951;-0.0119613;3.39563
-0.301852;-0.0577003;3.61093
-0.29728;-0.125504;3.77934
-0.268874;-0.0193383;3.45441
-0.10959;-0.0182591;3.52449
-0.161148;-0.0956573;3.64812
-0.19383;-0.102642;3.66139
-0.172903;-0.032489;3.56573
-0.167455;-0.06119;3.62493
-0.140208;-0.0238452;3.46753
-0.145606;0.0119301;3.4018
-0.18771;-0.132403;3.69512
-0.197609;-0.0647525;3.5557
-0.103037;-0.0483638;3.47449
-0.134772;-0.0552326;3.5675
-0.114799;0.00901814;3.27694
-0.182558;0.0276495;3.4246
-0.0412206;-0.034265;3.48519
-0.0717375;-0.0432017;3.53107
-0.0790875;-0.0106633;3.40494
0.362622;-0.0621176;3.11433
0.458272;-0.104933;3.71204
0.406664;-0.0373632;3.45424
0.56641;-0.0455051;3.62195
0.554137;-0.123435;3.84688
0.496568;-0.0180399;3.44312
0.484758;-0.0643222;3.71508
0.532427;-0.0100858;3.4726
0.523608;-0.0511884;3.56076
0.438129;-0.0310136;3.45968
0.678832;0.102398;4.41189
0.497388;-0.0999079;3.75097
0.570413;-0.120579;3.74832
0.497179;-0.0559495;3.5918
0.551375;-0.0836202;3.68048
0.488726;-0.0246552;3.58102
0.607695;-0.03246;3.50829
0.633715;-0.106578;3.73251
0.636659;-0.107231;3.74742
0.590023;0.00465876;3.4528
0.625116;-0.113052;3.86311
0.642444;-0.0619899;3.64756
0.581081;-0.0368329;3.5319
0.602268;0.00859425;3.36539
0.611929;-0.070021;3.65665
0.582256;-0.0767233;3.67123
0.554625;-0.00508453;3.42783
0.666972;-0.0550892;3.61107
0.645804;0.0399976;3.45693
0.645631;-0.0237936;3.54155
0.675256;-0.0992973;3.77421
0.614688;0.0381618;3.45574
0.547335;0.0268131;3.42303
0.699968;-0.0906536;3.73372
0.718838;-0.123675;3.78889
0.71858;-0.00515285;3.45273
0.671148;0.0229421;3.40646
0.748482;-0.0352559;3.55115
0.732046;-0.0818715;3.7294
0.752628;-0.111463;3.64567
0.755813;-0.0772625;3.68952
0.750815;-0.120302;3.78173
0.69414;-0.0470015;3.5894
0.66489;-0.0177655;3.48641
0.817906;-0.100811;3.78252
0.784765;-0.0693391;3.67438
0.702996;-0.00979859;3.51842
0.883579;0.102658;4.60056
0.724112;-0.0413695;3.58174
0.802433;-0.0215418;3.51675
0.771298;0.00488134;3.54309
0.766051;0.0748225;3.3328
0.830402;-0.0978531;3.69908
0.770718;0.0138974;3.41717
0.773739;-0.0283847;3.52639
0.942666;-0.0185858;3.92785
1.25267;0.0935926;4.55374
1.24917;0.0435292;4.6506
1.33584;0.0532026;4.80295
1.34109;0.107377;4.71137
1.46288;-0.0590363;4.45782
1.44305;-0.0214995;4.42519
1.52436;-0.0762165;4.75363
1.41641;-0.136333;4.28016
1.48211;-0.119171;4.60402
1.4433;-0.0966689;4.37867
1.49987;-0.0137817;4.4747
1.4733;-0.153388;4.55447
1.55541;-0.125941;4.45019
1.54555;-0.0913163;4.44504
1.57732;-0.0401975;4.44785
1.59321;0.000718805;4.51252
1.51178;-0.0536343;4.48462
1.49559;-0.0950358;4.41657
1.56377;-0.00624561;4.54114
1.49528;-0.137564;4.39192
1.60487;-0.0829986;4.49806
1.53393;-0.0498742;4.43668
1.56027;-0.14652;4.33721
1.64915;-0.0827196;4.20102
1.65104;-0.0889143;4.2976
1.59388;-0.00398609;4.10562
1.57964;-0.057591;4.23405
1.68721;-0.0497822;4.40648
1.6492;-0.093758;4.38789
1.56429;-0.102606;4.27058
1.61894;0.091423;4.41626
1.6766;-0.129821;4.34025
1.62522;-0.0433906;4.1626
1.57411;-0.0145955;4.14689
1.60684;-0.144329;4.35887
1.65146;-0.0657493;4.51542
1.89622;-0.0790735;4.69457
1.77828;-0.0564237;4.23955
1.78302;-0.130277;4.21428
1.94751;-0.164938;4.77294
1.54171;0.0742338;3.84814
1.79203;0.0596827;4.32558
1.80865;-0.0959469;4.28981
1.90665;-0.122894;4.69828
1.82085;-0.0208316;4.3542
1.88019;0.10446;4.45578
1.72356;-0.12363;4.36019
1.85512;0.0668878;4.38072
1.98412;-0.0367917;4.92276
1.82108;0.0981173;4.41121
1.77731;0.0184636;4.27378
1.93861;-0.120444;4.38702
1.86911;0.0257736;4.39355
1.96565;0.0432955;4.43216
1.84618;-0.0108258;4.32415
2.01241;-0.0405685;4.49523
1.98344;-0.15174;4.38103
1.98202;-0.0741624;4.41339
2.01017;0.0952068;4.45961
1.99747;-0.0933452;4.62151
2.01244;-0.0857301;4.56453
1.88292;0.0774792;4.35536
1.90408;0.0850223;4.31695
2.02172;-0.113788;4.47951
2.00033;0.0520783;4.42154
1.92971;0.00121264;4.4213
2.04978;-0.135828;4.71702
1.92794;0.0357329;4.4364
2.0699;-0.0536604;4.43058
2.0454;0.0605519;4.43262
2.05201;-0.106883;4.45891
2.07352;-0.136335;4.40394
2.10711;-0.15139;4.55484
2.0202;0.0192512;4.36339
2.14251;-0.0982036;4.56144
2.03469;-0.0656557;4.44059
2.00782;0.101498;4.37167
2.05615;0.0665488;4.37352
1.95829;0.0111196;4.31575
2.10798;-0.0891628;4.41034
2.04655;-0.00452892;4.31984
2.09595;0.0742414;4.37421
2.08887;0.0283537;4.42281
2.15851;-0.0494159;4.52858
2.12026;-0.12904;4.4179
2.13009;0.0355829;4.4254
2.07136;0.00385453;4.29169
2.00407;-0.0297247;4.394
2.20713;0.0133008;4.40329
2.15463;-0.143968;4.31422
2.21631;-0.112132;4.44888
2.16022;-0.0415124;4.45144
2.16173;0.0516773;4.3325
2.10158;-0.116038;4.30338
2.23287;-0.0640189;4.41995
2.17425;-0.0998458;4.29315
2.2909;-0.0295348;4.54615
2.27505;0.0609453;4.4717
2.20159;-0.161278;4.48202
2.15802;0.0455654;4.40185
2.36994;-0.148843;4.64564
2.11915;0.00862132;4.30978
2.20145;-0.0742225;4.43666
2.19179;-0.0825337;4.49662
2.17107;0.0199123;4.26043
2.2043;0.0961363;4.42997
2.1592;0.0870187;4.42041
2.24505;0.103142;4.43109
2.18067;-0.0347716;4.41296
2.20281;-0.111625;4.42293
2.31641;0.0115218;4.29582
2.26524;0.0404423;4.28987
2.34885;-0.0587288;4.561
2.27326;0.0292499;4.37728
2.28;-0.00594183;4.37398
2.36085;-0.0400311;4.43232
2.28803;-0.0850807;4.35781
2.34752;-0.156174;4.36217
2.31358;0.077091;4.39319
2.41913;-0.0315763;4.46341
2.36262;0.088683;4.4086
2.29041;0.00288166;4.32029
2.32824;-0.0158362;4.53893
2.21305;-0.129862;4.27715
2.35615;-0.0974903;4.55816
2.27078;0.0671838;4.38826
2.37032;-0.117842;4.4183
2.35035;0.0867962;4.38679
2.31135;0.0496254;4.30169
2.37227;-0.0809833;4.43722
2.34082;-0.0462724;4.46993
2.30607;-0.126268;4.37511
2.46091;-0.0538944;4.37871
2.42829;0.0241519;4.35217
2.58534;-0.0205754;4.60646
2.39506;-0.108474;4.39026
2.37628;-0.0705885;4.3723
2.31226;0.0538088;4.23405
2.36511;-0.0223188;4.29741
2.39033;0.0945378;4.38608
2.42713;-0.138478;4.36064
2.33736;-0.0229801;4.24901
2.43434;-0.0890658;4.31856
2.44721;0.027995;4.31541
2.41416;0.0622153;4.34246
2.55474;-0.0449925;4.46801
2.43673;0.0717011;4.31218
2.40645;-0.0994444;4.33974
2.41787;0.103272;4.36344
2.42143;-0.0609842;4.3806
2.31779;-0.138817;4.23924
2.39232;0.0169581;4.35967
-1.81225;0.293581;3.64048
-1.86229;0.146086;3.89797
-1.89646;0.178081;3.88049
-1.84454;0.314313;3.78045
-1.66902;0.232165;3.7325
-1.6748;0.300269;3.71281
-1.86364;0.175052;4.05886
-1.91159;0.2126;4.15179
-1.78315;0.310271;3.88701
-1.85166;0.191222;3.9351
-1.80907;0.137746;4.03328
-1.68979;0.200574;3.71858
-1.73502;0.277059;3.87203
-1.88896;0.233594;4.00182
-1.99151;0.177642;4.26658
-1.78441;0.231388;3.84402
-1.60903;0.287296;3.72841
-1.59746;0.294019;3.78225
-1.59664;0.264733;3.79735
-1.67776;0.245465;3.83375
-1.61763;0.233639;3.86854
-1.94463;0.110189;4.37242
-1.66013;0.282057;3.77256
-1.78694;0.219654;4.0293
-1.65172;0.309243;3.73604
-1.39869;0.275156;3.61757
-1.54882;0.252348;3.8663
-1.58437;0.221023;3.98018
-1.54161;0.258855;3.93923
-1.56164;0.182524;3.93843
-1.57422;0.240663;3.84385
-1.54093;0.224471;3.95702
-1.61018;0.122508;4.10938
-1.50554;0.316103;3.80321
-1.51866;0.274937;3.76741
-1.62481;0.105013;4.3793
-1.44913;0.172839;3.93275
-1.38633;0.301625;3.76677
-1.43135;0.144049;4.00427
-1.55954;0.162217;4.04799
-1.5808;0.210502;4.18778
-1.56152;0.142343;4.28434
-1.42145;0.294665;3.77295
-1.40914;0.275996;3.85373
-1.52256;0.135612;4.06456
-1.47669;0.237877;3.97226
-1.49743;0.265282;3.91203
-1.35642;0.306483;3.77677
-1.62316;0.133752;4.24586
-1.49602;0.108728;4.11282
-1.43842;0.208875;3.98392
-1.36155;0.28056;3.8118
-1.4768;0.229947;3.87373
-1.41401;0.177491;3.93062
-1.31619;0.202535;3.94786
-1.36067;0.133962;4.14127
-1.37937;0.129323;4.08477
-1.39762;0.115932;4.03091
-1.33567;0.256097;3.85658
-1.22528;0.289283;3.69333
-1.4122;0.166024;4.16578
-1.3196;0.298353;3.89109
-1.41686;0.190734;4.04498
-1.41961;0.152612;4.07658
-1.29735;0.281862;3.716
-1.30698;0.227917;3.89614
-1.50925;0.114638;4.26202
-1.3722;0.22536;3.99433
-1.34929;0.215184;3.81625
-1.27481;0.257959;3.76946
-1.21627;0.306981;3.77157
-1.22204;0.193162;4.00702
-1.20586;0.254323;3.89902
-1.25754;0.219128;3.98368
-1.16809;0.257882;3.88612
-1.17916;0.280282;3.78084
-1.15781;0.228536;3.87374
-1.23041;0.246036;3.8663
-1.29401;0.188974;4.13483
-1.2964;0.210977;3.9971
-1.16173;0.30659;3.69648
-1.10559;0.274465;3.63458
-1.24099;0.22696;4.04872
-1.03905;0.304615;3.74993
-1.15691;0.205802;4.02591
-1.14294;0.21654;4.10993
-1.07922;0.299164;3.77839
-1.09132;0.28603;3.70011
-1.11303;0.246479;3.96365
-1.11145;0.273811;3.93093
-1.15228;0.270205;3.95443
-1.19547;0.199721;4.03815
-1.09109;0.217367;4.04633
-0.99206;0.305627;3.69153
-1.05962;0.250756;3.88795
-1.03174;0.268115;3.74853
-0.998289;0.163326;4.01219
-0.911217;0.306949;3.79835
-1.00447;0.101288;4.10696
-0.998709;0.233418;3.95025
-1.15553;0.154199;4.753
-0.962641;0.286975;3.73259
-0.954744;0.301152;3.84418
-0.96617;0.209256;3.99286
-0.982015;0.171746;4.10103
-0.953244;0.268956;3.86876
-1.02726;0.254365;3.89509
-0.959551;0.236325;3.92975
-1.03098;0.207599;4.12489
-1.05949;0.231531;4.06106
-0.997309;0.266781;3.91322
-0.969123;0.151345;4.24915
-0.904552;0.169779;4.30268
-0.934873;0.157042;4.26567
-0.928079;0.17837;4.0129
-0.806566;0.259235;3.84796
-0.860963;0.303136;3.71562
-0.864993;0.27448;3.7684
-1.0074;0.118737;4.47629
-0.890877;0.254026;3.93075
-0.913131;0.121825;4.19216
-0.915211;0.242982;3.88237
-0.83577;0.313911;3.75332
-0.785938;0.288985;3.69951
-1.01807;0.112696;4.34089
-0.989146;0.226605;4.27184
-0.996238;0.143168;4.20135
-1.01254;0.146517;4.27779
-0.927247;0.278837;3.90619
-0.761058;0.151057;4.16255
-0.703549;0.309752;3.79473
-0.708921;0.169747;3.79097
-0.748521;0.11187;4.13122
-0.709943;0.253976;3.92341
-0.733738;0.244712;3.85821
-0.818587;0.234658;3.9518
-0.77252;0.222977;4.14017
-0.793813;0.210838;4.05184
-0.739363;0.310522;3.80897
-0.711216;0.283864;3.8868
-0.738817;0.276487;3.84663
-0.76321;0.264544;3.79281
-0.798413;0.247542;4.03594
-0.76059;0.296722;3.73926
-0.668881;0.28338;4.12671
-0.723533;0.224993;4.05865
-0.631936;0.299608;3.80978
-0.662477;0.255715;3.83512
-0.681298;0.293283;3.91566
-0.647681;0.307404;3.6441
-0.46575;0.242373;3.62966
-0.484967;0.198005;3.9642
-0.456581;0.297699;3.80303
-0.559612;0.171019;4.41467
-0.495231;0.292925;3.85243
-0.519009;0.305755;3.70049
-0.542927;0.200563;4.18102
-0.495094;0.320163;3.78403
-0.493649;0.260406;3.53323
-0.512369;0.176215;4.32786
-0.431246;0.253691;4.07559
-0.457554;0.209616;4.05031
-0.418808;0.272931;3.8361
-0.448919;0.175524;4.03755
-0.505178;0.139536;4.33594
-0.427589;0.308793;3.8571
-0.496126;0.162448;4.68435
-0.433028;0.225388;4.19253
-0.424624;0.317109;4.37145
-0.464942;0.272164;3.96988
-0.446571;0.23358;3.84623
-0.269791;0.276295;3.55746
-0.245132;0.256414;4.1221
-0.242335;0.27826;3.84514
-0.264815;0.248498;3.59018
-0.106226;0.301968;3.86218
-0.185772;0.341307;4.0504
-0.169287;0.264401;3.96148
-0.133599;0.264693;3.88788
-0.140107;0.295065;3.82548
-0.212637;0.30876;3.74984
-0.127288;0.235461;4.03094
-0.178627;0.308009;4.06872
-0.160968;0.221928;3.89494
-0.200551;0.258532;3.56763
-0.083803;0.211698;4.11276
-0.0537382;0.263575;4.22595
-0.0222881;0.316991;4.32745
-0.0647039;0.275495;3.87743
-0.0990789;0.270936;3.91001
-0.0917493;0.244169;3.98978
0.0863287;0.283952;4.01505
0.13044;0.256229;4.0339
0.0396044;0.211597;3.545
0.0733345;0.141712;3.33284
0.107879;0.215615;4.14716
0.104908;0.308916;3.83588
0.116962;0.284848;3.92517
0.0977375;0.25149;4.09772
0.101512;0.303775;3.77234
0.22602;0.309756;3.98224
0.150303;0.330006;4.01786
0.205666;0.272481;4.083
0.258224;0.22625;4.55828
0.227462;0.249145;4.26808
0.255062;0.2055;4.05982
0.211307;0.254294;3.71792
0.183316;0.295393;3.8808
0.15581;0.297576;3.98756
0.248007;0.304544;3.83554
0.182662;0.238495;4.16335
0.163079;0.260077;3.9865
0.463333;0.240939;3.76837
0.477456;0.209005;3.81511
0.483476;0.288122;3.95244
0.569355;0.270066;4.00334
0.492339;0.282807;3.78545
0.594815;0.241601;4.10974
0.648763;0.213474;4.16453
0.621442;0.131856;4.13034
0.599626;0.206944;4.31655
0.582836;0.165509;4.16482
0.644653;0.212329;4.3548
0.492772;0.319128;3.83393
0.558775;0.296947;3.78212
0.538681;0.228374;3.98636
0.663179;0.179463;4.41632
0.526274;0.260091;3.95512
0.645529;0.2558;4.19015
0.688656;0.144675;4.75641
0.557746;0.304357;3.97838
0.577089;0.266663;3.84604
0.765854;0.204555;4.34324
0.714211;0.190119;4.274
0.710485;0.228373;4.10412
0.697876;0.262429;3.90142
0.76968;0.201026;4.17723
0.686065;0.189037;4.32677
0.658026;0.256596;4.05817
0.710211;0.299848;3.99937
0.666318;0.294372;4.14453
0.607113;0.304798;3.68488
0.792386;0.126287;4.39425
0.78918;0.170235;4.41853
0.699934;0.334804;3.98539
0.680401;0.144341;4.25247
0.717806;0.29836;3.86795
0.722004;0.271824;4.2021
0.723016;0.228277;3.98896
0.640126;0.277066;3.81992
0.867534;0.18272;4.24835
0.835833;0.287766;3.90238
0.7797;0.310236;3.83969
0.797138;0.209299;4.13354
0.810251;0.175441;4.33261
0.790503;0.243113;4.13861
0.825672;0.31948;3.89044
0.805702;0.243425;3.74747
0.86943;0.13942;4.39054
0.821862;0.212952;4.08133
0.766878;0.307896;3.93556
0.780333;0.277205;3.96304
0.880443;0.267181;4.2104
0.851191;0.135403;4.48801
0.750668;0.271569;3.9882
0.851833;0.144962;4.14525
0.82937;0.288672;4.02374
0.851062;0.181156;4.34468
1.03306;0.137255;4.24631
0.998112;0.287175;4.0948
0.882299;0.259125;3.92113
1.01755;0.172169;4.68666
0.909025;0.301735;3.78866
0.966236;0.205292;4.05287
0.973695;0.241185;4.11007
1.00075;0.249803;4.0762
0.91647;0.16246;3.83623
0.998373;0.290494;4.23516
0.854203;0.325352;3.8668
1.06208;0.224194;4.13931
1.0437;0.297155;4.00108
1.10183;0.192134;4.38973
1.13932;0.203285;4.25217
1.14597;0.204965;4.14938
1.13102;0.236925;4.12522
1.07897;0.189102;4.17167
1.16196;0.158822;4.43555
1.01322;0.324411;3.92029
1.03097;0.260465;3.92987
1.02389;0.220167;4.13276
1.12902;0.154764;4.45865
1.07395;0.268838;3.95805
1.05669;0.299127;3.9252
1.11305;0.237087;4.1889
0.999691;0.288162;3.96964
1.05176;0.331394;3.93373
1.25992;0.229897;4.16145
1.17794;0.176967;4.10892
1.26122;0.188515;4.25633
1.08794;0.302457;3.91423
1.26632;0.225169;4.42028
1.28762;0.106394;4.40916
1.27817;0.192819;4.19354
1.20223;0.13829;4.28304
1.33222;0.151412;4.45159
1.1837;0.324348;3.88996
1.24106;0.14723;4.28595
1.09208;0.269385;3.90367
1.10016;0.305229;3.84265
1.16486;0.24573;4.00186
1.15791;0.285734;4.00301
1.21827;0.217975;4.14633
1.1701;0.247455;3.90922
1.18391;0.249595;4.06217
1.17279;0.248798;4.14267
1.25462;0.300392;3.87544
1.38279;0.160255;4.48544
1.39095;0.135636;4.36882
1.35935;0.205015;4.32434
1.38645;0.216737;4.18522
1.38478;0.173392;4.37499
1.29042;0.308182;3.87969
1.26795;0.272355;3.99246
1.32054;0.281245;3.94293
1.34085;0.239638;4.18267
1.26149;0.233007;4.05623
1.19383;0.288045;3.8987
1.27728;0.235246;3.89846
1.34917;0.284017;4.12388
1.26377;0.305836;4.0027
1.41251;0.258752;4.17675
1.38325;0.251221;3.99787
1.46048;0.308163;4.22771
1.40517;0.294884;3.98233
1.34017;0.319668;3.92169
1.61398;0.126255;4.52856
1.55003;0.167075;4.2808
1.47977;0.238176;4.23608
1.48791;0.204041;4.13875
1.53961;0.200154;4.37549
1.38798;0.293195;3.8467
1.31754;0.205321;3.89426
1.57757;0.132001;4.33116
1.61707;0.21966;4.27865
1.63954;0.188948;4.31397
1.55663;0.252148;4.05725
1.65862;0.142201;4.43887
1.61131;0.2276;4.17138
1.48619;0.313852;3.92074
1.55913;0.2929;3.99472
1.70401;0.150996;4.45369
1.50012;0.242922;4.09666
1.47056;0.276945;3.86402
1.53812;0.250117;3.92641
1.42463;0.300541;3.85311
1.54151;0.28941;4.12858
1.59724;0.220065;4.22916
1.51005;0.317791;3.97975
1.64543;0.191802;4.2356
1.53497;0.325365;3.95431
1.49768;0.244176;3.99963
1.55564;0.206303;4.21846
1.5697;0.258528;3.91858
1.58625;0.268727;3.87531
1.64104;0.191779;4.13593
1.68852;0.281537;4.02885
1.77761;0.212163;4.27921
1.57521;0.29969;3.78945
1.74138;0.249263;4.1304
1.82672;0.215087;4.48228
1.64004;0.238296;3.98249
1.63175;0.228968;4.1323
1.61476;0.303185;4.04213
1.628;0.307507;3.98948
1.71179;0.237462;4.23293
1.58149;0.145713;3.97625
1.80489;0.213162;4.43154
1.60789;0.307945;3.78659
1.7036;0.322448;3.92148
1.95395;0.2121;4.31104
2.15394;0.160786;4.52377
1.94589;0.221691;4.06367
1.88236;0.321298;3.98241
1.89384;0.290952;3.9899
1.9853;0.174016;4.35967
1.84192;0.276773;3.95789
1.80189;0.308811;3.96394
1.87457;0.25447;3.93586
2.12994;0.110391;4.54072
1.86323;0.320438;3.87357
1.93288;0.177299;4.09585
2.01734;0.216602;4.36155
1.83713;0.207892;3.91773
1.88653;0.245644;4.03325
1.87375;0.276222;4.09774
2.14299;0.213928;4.21151
1.94526;0.229635;3.92114
1.80912;0.24781;3.54898
1.93937;0.299707;3.87064
2.04365;0.316217;3.99929
1.93772;0.261132;3.99067
2.12292;0.250649;4.18884
2.11762;0.208982;4.31045
1.95109;0.30018;3.96126
2.22144;0.17295;4.57589
1.88201;0.219763;3.86707
1.91506;0.29704;3.96045
1.98095;0.269662;3.93538
1.92551;0.274847;3.58185
2.4004;0.126003;4.49198
2.26698;0.158741;4.33794
2.24464;0.227647;4.32817
2.40987;0.201264;4.61686
2.23685;0.109476;4.34077
2.05426;0.248084;3.99069
2.08038;0.251851;4.03901
2.25109;0.234844;4.26791
2.27092;0.194642;4.28888
2.4682;0.175067;4.6296
2.06041;0.294651;3.88297
2.32219;0.116815;4.4244
2.02963;0.290581;3.64647
2.39033;0.220209;4.35941
2.45351;0.113129;4.35488
2.18831;0.275328;3.96836
2.1962;0.316088;3.99493
2.28798;0.286702;4.20859
2.22291;0.243824;4.07971
-1.88017;0.424287;3.51317
-1.88153;0.353729;3.68898
-1.7686;0.408487;3.35256
-1.79302;0.439957;3.38911
-1.77051;0.435703;3.4821
-1.84674;0.409195;3.58849
-1.73466;0.453117;3.39423
-1.68355;0.465608;3.27526
-1.74027;0.440814;3.34349
-1.6916;0.459658;3.23126
-1.69595;0.370839;3.56717
-1.54617;0.457481;3.24271
-1.60792;0.437923;3.32857
-1.67216;0.293229;3.47385
-1.76448;0.349013;3.51069
-1.65558;0.434949;3.36768
-1.82302;0.328513;3.64866
-1.92551;0.414033;3.8353
-1.671;0.447735;3.32431
-1.58601;0.37085;3.45856
-1.68198;0.349132;3.62312
-1.53626;0.316081;3.44266
-1.7049;0.325907;3.69065
-1.60394;0.357191;3.59027
-1.58691;0.444266;3.3479
-1.45271;0.444326;3.23999
-1.61234;0.394681;3.43395
-1.4972;0.435122;3.36078
-1.61533;0.407597;3.51174
-1.66312;0.377036;3.56442
-1.55909;0.378958;3.46702
-1.69079;0.334874;3.73441
-1.54122;0.472011;3.29708
-1.57347;0.442418;3.47059
-1.71194;0.316496;3.63277
-1.59145;0.414888;3.3727
-1.52943;0.341424;3.57744
-1.45869;0.455282;3.41291
-1.48457;0.375187;3.52657
-1.60664;0.313486;3.70611
-1.44201;0.390115;3.40264
-1.56301;0.368925;3.56638
-1.53623;0.434324;3.54563
-1.41259;0.425261;3.38779
-1.54009;0.419984;3.47938
-1.59207;0.327798;3.75114
-1.4402;0.41935;3.3821
-1.46984;0.381411;3.3979
-1.49014;0.366409;3.4632
-1.58203;0.401953;3.59673
-1.62221;0.350653;3.72738
-1.52489;0.355717;3.64621
-1.47275;0.47304;3.5267
-1.39472;0.394816;3.53505
-1.39324;0.380537;3.44818
-1.33754;0.422523;3.44422
-1.3127;0.43776;3.35898
-1.34428;0.396746;3.48048
-1.42862;0.372913;3.46181
-1.42225;0.404965;3.42867
-1.42751;0.342578;3.47566
-1.38868;0.394356;3.51841
-1.29232;0.443312;3.20767
-1.36689;0.415065;3.44198
-1.46266;0.326103;3.77646
-1.36701;0.416945;3.44215
-1.61664;0.363033;3.98926
-1.27212;0.450416;3.23002
-1.38751;0.408737;3.41634
-1.37121;0.445959;3.43664
-1.35739;0.351172;3.4512
-1.38367;0.432808;3.3899
-1.36822;0.452155;3.33367
-1.31096;0.357926;3.60043
-1.3123;0.399254;3.47686
-1.37548;0.331414;3.71521
-1.26707;0.429707;3.41501
-1.24625;0.383501;3.47985
-1.24873;0.458801;3.24387
-1.26151;0.47418;3.46928
-1.34857;0.385406;3.59893
-1.25729;0.426243;3.38632
-1.28862;0.382636;3.51484
-1.39027;0.321548;3.66472
-1.29673;0.451221;3.39668
-1.28479;0.407966;3.48522
-1.3199;0.330907;3.64643
-1.23932;0.434683;3.42215
-1.16464;0.452343;3.26528
-1.36961;0.361057;3.67875
-1.24314;0.449459;3.32712
-1.28941;0.421198;3.39324
-1.17226;0.419034;3.41834
-1.25567;0.29996;3.56671
-1.24112;0.3683;3.57923
-1.22138;0.351547;3.6372
-1.17806;0.478717;3.39755
-1.11942;0.444824;3.32322
-1.29072;0.322918;3.77727
-1.27942;0.333657;3.62049
-1.20385;0.316193;3.60131
-1.18012;0.358427;3.60572
-1.21549;0.447023;3.44018
-1.2098;0.374576;3.57936
-1.24953;0.343092;3.62567
-1.21043;0.390951;3.46289
-1.20281;0.412594;3.42036
-1.207;0.372162;3.57085
-1.18677;0.398359;3.48427
-1.10226;0.458302;3.24971
-1.14955;0.430566;3.44165
-1.28149;0.364747;3.60679
-1.20041;0.425021;3.62998
-1.08481;0.469493;3.28648
-1.08985;0.449997;3.32173
-1.20778;0.32979;3.72129
-1.11859;0.336533;3.63498
-1.16402;0.324284;3.8209
-1.03853;0.438903;3.36764
-1.18018;0.373481;3.71435
-1.04929;0.358867;3.47375
-1.01997;0.477671;3.38558
-1.03429;0.463777;3.33096
-1.06491;0.459154;3.33591
-1.1011;0.43197;3.37983
-1.09539;0.397274;3.38125
-1.07293;0.410014;3.40588
-1.1549;0.395478;3.60514
-1.06001;0.419368;3.46752
-1.1426;0.326888;3.60815
-1.08425;0.437873;3.42467
-1.08821;0.344661;3.63996
-1.00933;0.444831;3.36877
-0.940546;0.449769;3.47498
-1.1081;0.320745;3.73802
-0.950021;0.432745;3.3913
-1.06043;0.327457;3.68019
-0.90826;0.458297;3.31687
-1.03757;0.43264;3.49641
-0.996208;0.380574;3.50342
-0.982655;0.332633;3.62554
-0.941604;0.450456;3.47935
-0.92729;0.414764;3.44573
-0.96258;0.409254;3.46654
-1.01827;0.395143;3.44755
-0.977491;0.452265;3.35951
-1.03857;0.424074;3.64367
-0.965393;0.418981;3.33607
-0.990818;0.368382;3.63212
-0.959061;0.46597;3.26682
-1.01578;0.357333;3.60519
-1.01575;0.326863;3.63081
-0.953132;0.457621;3.38016
-0.830292;0.456051;3.38744
-0.842181;0.386458;3.36186
-0.956053;0.355254;3.97477
-0.937144;0.394348;3.51303
-0.928593;0.379472;3.63853
-1.0347;0.343803;4.01334
-0.957324;0.338957;3.65399
-0.884311;0.356084;3.61154
-0.84847;0.469569;3.30952
-0.877646;0.436811;3.33578
-0.836067;0.431064;3.44346
-0.94313;0.363462;3.56565
-0.859617;0.365996;3.46983
-0.903024;0.398277;3.4984
-0.868003;0.456262;3.26939
-0.948067;0.356911;3.75411
-0.956752;0.331587;3.82247
-0.822694;0.477126;3.3245
-0.828548;0.404243;3.4364
-0.804976;0.438786;3.43855
-0.816349;0.419067;3.52486
-0.813265;0.325771;3.80912
-0.746535;0.427432;3.48201
-0.790725;0.403205;3.58517
-0.7448;0.452894;3.43934
-0.87162;0.396966;3.67092
-0.88806;0.380322;3.78175
-0.827578;0.340119;3.6777
-0.75391;0.375813;3.59171
-0.716579;0.456825;3.25762
-0.815471;0.357115;3.78448
-0.706998;0.479491;3.36295
-0.765576;0.465018;3.36071
-0.799359;0.375868;3.66491
-0.79027;0.454813;3.3377
-0.795405;0.381244;3.45213
-0.808216;0.361314;3.54744
-0.757698;0.408774;3.57675
-0.782745;0.447812;3.47998
-0.695247;0.44386;3.33113
-0.66173;0.343944;3.69319
-0.713569;0.348019;3.57883
-0.717738;0.409046;3.52795
-0.632061;0.487202;3.49293
-0.655795;0.394535;3.56949
-0.616534;0.447907;3.4315
-0.761033;0.351775;3.66702
-0.715932;0.380139;3.78573
-0.694625;0.392714;3.61478
-0.665414;0.426588;3.36324
-0.638017;0.407912;3.41562
-0.739378;0.337511;3.76799
-0.680852;0.462571;3.4186
-0.693304;0.416211;3.56883
-0.722042;0.384686;3.58946
-0.762867;0.325254;3.71406
-0.703281;0.425594;3.41028
-0.664293;0.474563;3.28624
-0.642691;0.46109;3.3684
-0.679053;0.327216;3.59909
-0.641501;0.439062;3.39895
-0.656563;0.36925;3.61619
-0.559191;0.414575;3.55117
-0.547825;0.475547;3.32381
-0.522031;0.439106;3.45052
-0.633537;0.323845;3.77114
-0.611513;0.338044;3.85559
-0.520154;0.481889;3.33671
-0.594752;0.35554;3.67877
-0.635195;0.385141;3.68844
-0.585281;0.377051;3.56021
-0.569351;0.412316;3.3546
-0.629932;0.409303;3.60741
-0.608588;0.41502;3.41974
-0.551288;0.430089;3.442
-0.547314;0.449766;3.3654
-0.565074;0.393586;3.64778
-0.516597;0.455004;3.35666
-0.583647;0.476759;3.36967
-0.53144;0.424155;3.58052
-0.558072;0.362419;3.64491
-0.633275;0.352893;3.72156
-0.459158;0.324222;3.75767
-0.422794;0.426109;3.43236
-0.535303;0.399369;3.66834
-0.494883;0.347339;3.71723
-0.422653;0.403517;3.49851
-0.49087;0.421383;3.49979
-0.456103;0.467124;3.34387
-0.465843;0.408928;3.62065
-0.460227;0.453076;3.44174
-0.456063;0.421475;3.46157
-0.429262;0.454208;3.43524
-0.529857;0.372753;3.67846
-0.465277;0.385866;3.68128
-0.495569;0.472675;3.43061
-0.421765;0.378432;3.55907
-0.39535;0.479584;3.32469
-0.459223;0.352531;3.68769
-0.487583;0.390446;3.52834
-0.488969;0.369859;3.59978
-0.450575;0.463002;3.2926
-0.522464;0.335619;3.67214
-0.424911;0.471078;3.32641
-0.486615;0.439026;3.40642
-0.422196;0.331187;3.71403
-0.398595;0.41994;3.58052
-0.393631;0.390584;3.59963
-0.300343;0.461571;3.30982
-0.395758;0.340174;3.79686
-0.299864;0.44645;3.40359
-0.364426;0.441524;3.46158
-0.379183;0.420507;3.83861
-0.431711;0.363927;3.7448
-0.380324;0.447242;3.75962
-0.391006;0.363243;3.64891
-0.370359;0.490967;3.37831
-0.365012;0.462429;3.38845
-0.334241;0.448629;3.46735
-0.341263;0.480083;3.47768
-0.397936;0.439565;3.49618
-0.403425;0.467517;3.48669
-0.251482;0.332138;3.71953
-0.219616;0.339821;3.75301
-0.264724;0.413425;3.56391
-0.230174;0.39717;3.66203
-0.204137;0.441233;3.43008
-0.223811;0.3698;3.67537
-0.266635;0.42983;3.468
-0.257559;0.36112;3.70233
-0.240757;0.463053;3.42943
-0.243659;0.480965;3.35116
-0.278406;0.332496;3.47023
-0.297516;0.402832;3.59275
-0.304691;0.440953;3.59775
-0.28544;0.366453;3.48317
-0.271323;0.456607;3.43459
-0.240787;0.453984;3.59056
-0.231263;0.414793;3.51274
-0.214576;0.49089;3.36674
-0.211622;0.474309;3.46652
-0.258783;0.383354;3.57703
-0.277471;0.487038;3.4321
-0.164379;0.404474;3.60716
-0.201393;0.425237;3.55397
-0.142965;0.445595;3.39123
-0.125948;0.381648;3.62642
-0.119596;0.356839;3.6896
-0.106931;0.436129;3.49507
-0.113392;0.341719;3.87504
-0.146219;0.323355;3.75101
-0.191649;0.378915;3.43222
-0.19094;0.372158;3.65776
-0.170731;0.433775;3.59437
-0.179853;0.474811;3.41901
-0.113103;0.457938;3.42724
-0.131895;0.404334;3.54545
-0.118952;0.475932;3.3497
-0.158604;0.379936;3.66137
-0.149066;0.476133;3.38185
-0.139045;0.442171;3.60509
-0.175655;0.456787;3.51544
-0.0203156;0.382054;3.74713
-0.0375358;0.426613;3.5539
-0.0448879;0.45155;3.50317
-0.0225248;0.475247;3.40712
-0.0121528;0.405811;3.32266
-0.0826266;0.468894;3.44736
-0.0801509;0.329058;3.68307
-0.0862758;0.381224;3.86102
-0.0451216;0.352243;3.85015
-0.0623106;0.39068;3.56572
-0.0552385;0.364018;3.59795
-0.0284706;0.40875;3.6835
-0.0862816;0.380799;3.86542
-0.0751586;0.457965;3.61445
-0.0141499;0.454878;3.49251
-0.0508356;0.487715;3.53878
-0.0937472;0.392082;3.63496
-0.0891312;0.492323;3.40584
0.0701634;0.385231;3.5543
0.0741858;0.462226;3.40548
0.103369;0.391914;3.58617
0.113;0.367363;3.63639
0.0556302;0.439274;3.52477
0.0451333;0.459279;3.4316
0.0361202;0.479673;3.36557
0.093458;0.337735;3.75229
0.0902689;0.377746;3.82811
0.0278982;0.44767;3.62436
0.0218064;0.481408;3.64263
0.0878688;0.447731;3.54363
0.0184534;0.53084;3.74707
0.0613221;0.473723;3.27248
0.129298;0.346635;3.79477
0.112348;0.444143;3.4321
0.108358;0.479691;3.47171
0.192615;0.354245;3.7435
0.167251;0.405866;3.59059
0.190026;0.441984;3.56123
0.228974;0.367252;3.78084
0.191614;0.481795;3.36858
0.13296;0.471721;3.38309
0.163085;0.355322;3.79712
0.219431;0.398104;3.75132
0.235812;0.337174;3.77721
0.170954;0.325328;3.80733
0.124861;0.426809;3.52717
0.234452;0.421771;3.62919
0.154295;0.38654;3.77128
0.178092;0.379495;3.64523
0.173493;0.455533;3.43701
0.164692;0.483084;3.40541
0.194433;0.405547;3.53501
0.208871;0.46784;3.49273
0.150807;0.464094;3.54653
0.216522;0.440617;3.50561
0.158261;0.436369;3.55734
0.134363;0.398913;3.5738
0.284322;0.421527;3.49818
0.236173;0.386639;3.5758
0.318788;0.435702;3.52531
0.250662;0.451118;3.53679
0.334957;0.389741;3.82825
0.260311;0.42209;3.56718
0.282302;0.369569;3.65007
0.352185;0.385105;3.69287
0.322174;0.485449;3.40836
0.265549;0.447289;3.17818
0.226351;0.498282;3.41926
0.234114;0.469024;3.43418
0.304654;0.433314;3.9332
0.268621;0.479942;3.473
0.419856;0.473776;3.41431
0.376661;0.44391;3.49239
0.422896;0.382723;3.50866
0.424438;0.350242;3.47592
0.372545;0.325202;3.74508
0.456245;0.33674;3.6417
0.391527;0.416373;3.55435
0.442381;0.455089;3.51931
0.407759;0.444844;3.49524
0.391816;0.469824;3.42933
0.357389;0.446462;3.58504
0.354405;0.34975;3.65536
0.331878;0.457861;3.43543
0.4217;0.419527;3.54553
0.373157;0.420483;3.65553
0.34946;0.488315;3.38681
0.371259;0.47024;3.50233
0.582088;0.370225;3.8043
0.546577;0.483762;3.5792
0.47358;0.407731;3.63342
0.553276;0.340495;3.9965
0.497789;0.348936;3.69932
0.520872;0.44323;3.57489
0.473199;0.463155;3.51722
0.542395;0.425102;3.65893
0.486632;0.490244;3.45212
0.543029;0.387156;3.62436
0.453139;0.426451;3.54603
0.515743;0.49723;3.44388
0.486168;0.379321;3.66973
0.453726;0.482856;3.43718
0.479801;0.430314;3.51755
0.540033;0.397935;3.79681
0.547802;0.316132;3.57573
0.499884;0.40958;3.59851
0.534574;0.440041;3.47659
0.541106;0.361359;3.76144
0.495286;0.462601;3.46473
0.673952;0.388148;3.7605
0.637203;0.46351;3.5268
0.667074;0.364178;4.03694
0.713045;0.380733;4.08862
0.638866;0.407245;3.62287
0.708659;0.33005;3.85895
0.614715;0.404821;3.66326
0.579996;0.396742;3.65074
0.546939;0.397765;3.34804
0.574285;0.451533;3.52365
0.646785;0.384108;3.79132
0.655973;0.345137;3.6399
0.563834;0.464547;3.3472
0.596702;0.418126;3.44776
0.62088;0.468234;3.60081
0.673264;0.415501;3.63401
0.654844;0.439711;3.57908
0.649596;0.396263;3.98444
0.55075;0.470945;3.43417
0.579443;0.431942;3.68486
0.780268;0.440096;3.67881
0.760825;0.336624;3.78829
0.707214;0.423066;3.64233
0.701262;0.448297;3.50393
0.758961;0.402382;3.69734
0.668471;0.432924;3.497
0.785154;0.379825;3.77936
0.696679;0.35693;3.67902
0.750538;0.483409;3.48069
0.824619;0.358645;3.91664
0.766085;0.469313;3.648
0.724543;0.395582;3.6894
0.70276;0.393669;3.73984
0.706474;0.470236;3.424
0.663194;0.5061;3.5326
0.726835;0.360142;3.66899
0.731878;0.426217;3.60966
0.698792;0.478755;3.52324
0.655712;0.484989;3.36128
0.766893;0.346296;3.96942
0.658784;0.464622;3.48283
0.854963;0.383232;3.54268
0.854131;0.412131;3.56495
0.85596;0.365091;3.90324
0.739697;0.44426;3.4101
0.777433;0.487932;3.46551
0.810639;0.495644;3.47546
0.812228;0.471474;3.5765
0.812606;0.436339;3.55188
0.838287;0.475683;3.55555
0.81642;0.371334;3.51536
0.906038;0.366477;3.70684
0.830461;0.496947;3.43525
0.83726;0.466067;3.43667
0.755207;0.418705;3.44684
0.828441;0.436104;3.49345
0.999691;0.419133;3.71513
1.00495;0.384794;3.70945
0.938949;0.373796;3.7074
0.99746;0.349935;3.77233
0.876316;0.452888;3.5551
0.922172;0.45952;3.4968
0.911073;0.478926;3.37869
0.968888;0.434275;3.52817
0.957165;0.340469;3.74752
0.909732;0.461742;3.56179
0.960943;0.439438;3.60698
0.971304;0.379116;3.70629
0.895627;0.392881;3.57654
0.912266;0.486883;3.48576
0.85205;0.463901;3.38147
0.983938;0.422601;3.7737
0.935221;0.435346;3.62846
1.04103;0.363793;3.80644
1.04397;0.328663;3.79261
0.959166;0.466179;3.51769
1.00327;0.419281;3.72724
0.932395;0.441188;3.73413
1.12365;0.343761;3.83249
1.03657;0.450976;3.54478
1.0875;0.397103;3.56376
1.15215;0.385768;3.83808
1.09391;0.341499;3.84535
1.04581;0.48288;3.49754
0.981281;0.468266;3.48885
1.05368;0.394532;3.6561
1.11395;0.447955;3.76372
0.985693;0.408478;3.56155
1.03494;0.455513;3.64006
1.05689;0.429261;3.68831
1.05024;0.35939;3.62365
1.00626;0.469727;3.4706
1.1512;0.346753;3.81306
1.06882;0.422495;3.52761
1.05827;0.454591;3.51544
1.04318;0.36084;3.70445
0.986853;0.50473;3.52815
1.02289;0.388854;3.66091
1.1254;0.414786;3.77762
1.12748;0.464484;3.44785
1.13705;0.4743;3.56318
1.2703;0.340211;3.84361
1.13418;0.43468;3.44845
1.18609;0.32277;3.79564
1.12016;0.439337;3.58652
1.23491;0.402729;3.784
1.09173;0.389831;3.39627
1.11072;0.490099;3.41882
1.18467;0.391528;3.73508
1.07613;0.483176;3.40609
1.14842;0.381301;3.72573
1.02098;0.465352;3.33188
1.2419;0.371301;3.78334
1.17178;0.388421;3.69743
1.18363;0.426342;3.75252
1.22353;0.331403;3.80673
1.14238;0.346509;3.68695
1.24393;0.399883;3.7165
1.08149;0.459504;3.49184
1.16392;0.449454;3.62117
1.21667;0.430012;3.65961
1.36494;0.3552;3.82388
1.25941;0.463094;3.45542
1.2233;0.489425;3.45739
1.36259;0.323701;3.79943
1.37396;0.330152;3.91864
1.2051;0.486975;3.49106
1.33483;0.353023;3.83427
1.27975;0.405724;3.63733
1.20956;0.483721;3.42176
1.2008;0.41999;3.52888
1.2515;0.372266;3.71748
1.3581;0.392679;3.73789
1.24522;0.461222;3.58168
1.22083;0.481296;3.37353
1.27416;0.373452;3.69051
1.20022;0.449054;3.54546
1.25246;0.433645;3.58278
1.32644;0.416293;3.67455
1.24781;0.431399;3.4877
1.34182;0.38703;3.78231
1.27444;0.471028;3.57466
1.19217;0.383584;3.48785
1.28462;0.341578;3.78975
1.15585;0.469166;3.44201
1.3597;0.391886;3.65861
1.29903;0.437252;3.46204
1.44044;0.340963;3.82528
1.49358;0.347747;3.78991
1.35812;0.449711;3.45596
1.34718;0.419364;3.56461
1.28473;0.464888;3.44264
1.30431;0.468173;3.41568
1.42326;0.374792;3.88614
1.40016;0.335296;3.80864
1.28684;0.498651;3.46394
1.48458;0.389885;3.86662
1.38001;0.4239;3.56757
1.40282;0.367643;3.58947
1.36121;0.481433;3.47893
1.43126;0.401808;3.67444
1.48946;0.351777;3.86174
1.4902;0.390712;3.88053
1.31547;0.445837;3.58149
1.34971;0.449472;3.51024
1.39174;0.397502;3.6576
1.55615;0.333325;3.92035
1.44757;0.443596;3.65169
1.59041;0.368083;3.8567
1.43393;0.434318;3.54524
1.52503;0.391294;3.80126
1.57897;0.336547;3.81391
1.56984;0.40135;3.74944
1.42614;0.463143;3.47051
1.35711;0.480342;3.39629
1.4892;0.383058;3.64138
1.50467;0.415624;3.6924
1.63787;0.383474;3.88561
1.42959;0.497933;3.49308
1.65057;0.350198;3.89767
1.52506;0.459882;3.60607
1.50078;0.319395;3.71172
1.59347;0.372692;3.94402
1.44699;0.472699;3.59087
1.51877;0.424271;3.64992
1.45858;0.472306;3.47325
1.45339;0.41045;3.64944
1.59421;0.405082;3.65708
1.54211;0.455539;3.50506
1.64384;0.380898;3.67808
1.68948;0.356176;3.90672
1.7525;0.33509;3.9505
1.58488;0.437557;3.58156
1.47483;0.467375;3.31088
1.58111;0.464789;3.52066
1.4809;0.474291;3.38726
1.60566;0.410609;3.75421
1.56616;0.428601;3.68251
1.60758;0.407665;3.6158
1.67215;0.319522;3.70832
1.57542;0.371522;3.67193
1.73337;0.362738;3.85163
1.66445;0.453688;3.68076
1.46047;0.436529;3.39575
1.57737;0.435814;3.63529
1.64052;0.346873;3.72686
1.7037;0.395758;3.87771
1.76486;0.337451;3.83019
1.69764;0.425706;3.66673
1.60507;0.43935;3.4908
1.71741;0.396144;3.6929
1.64141;0.481412;3.5132
1.61412;0.472106;3.5232
1.70877;0.398118;3.60842
1.66945;0.419845;3.67686
1.68963;0.35416;3.55739
1.78106;0.377185;3.8783
1.6165;0.473905;3.52795
1.67787;0.389992;3.67983
1.59817;0.502272;3.5036
1.79585;0.341541;3.82308
1.67518;0.454831;3.56849
1.82623;0.347358;3.81476
1.70667;0.494621;3.58002
1.89847;0.359153;3.88778
1.81645;0.419474;3.56438
1.85434;0.393707;3.68475
1.88106;0.361869;3.78709
1.86249;0.395913;3.83148
1.68875;0.453744;3.40886
1.64979;0.477745;3.40579
1.7638;0.407226;3.58864
1.80407;0.447969;3.55406
1.77875;0.440964;3.56787
1.76027;0.407451;3.51979
1.90336;0.369218;3.76373
1.80727;0.381868;3.6592
1.70826;0.491132;3.45834
1.82965;0.484075;3.43645
2.0254;0.35667;3.84707
1.79673;0.380962;3.45685
1.92437;0.371093;3.73931
1.95829;0.377382;3.80196
1.83792;0.451852;3.43993
1.88166;0.430264;3.50582
1.90099;0.366569;3.63451
1.98499;0.456175;3.74949
1.88961;0.429705;3.63878
1.99748;0.418397;3.69847
1.79778;0.478612;3.43605
1.871;0.46174;3.55694
1.9923;0.321051;3.71189
1.89411;0.497284;3.49373
1.97795;0.419156;3.85132
1.83041;0.45358;3.5425
1.91254;0.403574;3.60748
1.99453;0.346261;3.85546
2.01113;0.393267;3.65008
2.08943;0.373303;3.71357
1.8913;0.466784;3.42106
1.94101;0.470936;3.45158
1.96676;0.450616;3.597
1.94621;0.448901;3.44809
2.19091;0.39122;3.94779
1.8226;0.38738;3.28217
2.07258;0.331543;3.79272
1.94108;0.474525;3.56437
2.04064;0.395115;3.64286
2.04675;0.431994;3.72425
2.13474;0.342877;3.77851
1.87545;0.397666;3.31939
2.10796;0.338674;3.79298
1.86958;0.428572;3.3732
-1.62637;0.563966;2.86144
-1.72112;0.576024;3.05018
-1.63689;0.558095;2.94293
-1.68811;0.529428;3.0636
-1.82645;0.533687;3.28532
-1.62364;0.564648;3.03339
-1.67499;0.587348;3.06947
-1.60196;0.588088;2.91465
-1.64043;0.559402;2.94971
-1.77328;0.545495;3.1719
-1.66117;0.604186;3.09597
-1.68201;0.505412;3.18716
-1.6114;0.469498;3.11387
-1.65437;0.473077;3.27523
-1.54305;0.57149;2.91414
-1.66681;0.531197;3.27511
-1.61292;0.541954;3.14943
-1.7013;0.484467;3.23871
-1.67199;0.544715;3.21257
-1.51814;0.576817;2.91703
-1.65544;0.511364;3.19157
-1.61721;0.487391;3.18427
-1.58602;0.493698;3.17818
-1.41305;0.574477;2.92814
-1.50671;0.55228;3.03059
-1.48639;0.482661;2.95347
-1.52443;0.502022;3.16747
-1.51738;0.535096;3.06511
-1.50253;0.577953;3.00821
-1.56868;0.50291;3.20226
-1.53845;0.558736;3.17207
-1.46787;0.554686;3.00405
-1.46643;0.581344;2.98768
-1.65174;0.485946;3.33275
-1.52971;0.478417;3.19241
-1.45433;0.569;3.03298
-1.44108;0.496386;3.1833
-1.47643;0.466022;3.21396
-1.41472;0.559191;3.0803
-1.37455;0.535631;3.06284
-1.35509;0.575039;2.98939
-1.52489;0.490367;3.24653
-1.33515;0.571199;2.8686
-1.30131;0.566122;2.92329
-1.46483;0.487563;3.17318
-1.38113;0.569375;2.98832
-1.44686;0.582607;3.07762
-1.45069;0.524492;3.19222
-1.36572;0.604687;3.00114
-1.38795;0.523909;3.0307
-1.55116;0.528322;3.2919
-1.38689;0.51504;3.10654
-1.44533;0.604862;3.06122
-1.29451;0.586832;2.89333
-1.43088;0.462862;3.17377
-1.36644;0.5553;3.03011
-1.428;0.547459;3.04814
-1.27347;0.524739;2.94515
-1.40018;0.502441;3.30904
-1.38067;0.470474;3.27429
-1.32969;0.526454;3.10038
-1.32809;0.542181;3.16702
-1.28324;0.57474;3.02207
-1.37475;0.503213;3.15837
-1.43244;0.479425;3.24586
-1.41191;0.569474;3.22109
-1.29171;0.580909;2.96327
-1.34525;0.5629;3.04396
-1.31651;0.513745;3.15169
-1.24736;0.596139;2.9839
-1.42036;0.491364;3.28715
-1.29416;0.55215;3.06486
-1.35628;0.512607;3.18216
-1.25766;0.582365;2.9432
-1.40398;0.497582;3.16169
-1.38748;0.532784;3.17562
-1.28947;0.475101;3.09672
-1.24323;0.570946;2.98738
-1.28811;0.485069;3.25737
-1.21152;0.54498;3.07538
-1.32283;0.505291;3.25844
-1.24953;0.548926;3.01862
-1.21813;0.577103;2.99062
-1.21827;0.598676;2.97683
-1.16272;0.586836;2.9827
-1.16685;0.545399;2.93706
-1.25819;0.515187;3.23742
-1.16206;0.535699;3.01269
-1.31671;0.462455;3.18237
-1.26279;0.531896;3.06802
-1.30841;0.52656;3.20405
-1.24644;0.54206;3.09688
-1.25883;0.490333;3.25551
-1.28037;0.507138;3.22021
-1.2134;0.588335;3.14153
-1.30683;0.473684;3.23116
-1.24326;0.564793;3.07313
-1.2222;0.525987;3.12057
-1.25921;0.52054;3.14768
-1.15705;0.561613;2.89595
-1.09775;0.563704;3.05772
-1.1005;0.542617;3.083
-1.17678;0.492094;3.18161
-1.22432;0.470789;3.2551
-1.12711;0.58561;3.04851
-1.13436;0.545075;3.00788
-1.19416;0.531769;3.1187
-1.09199;0.586081;3.02299
-1.20361;0.483102;3.17903
-1.12727;0.537962;3.08211
-1.12149;0.581462;2.94
-1.09149;0.587558;2.92696
-1.1566;0.577334;3.1531
-1.1556;0.504795;3.20201
-1.19158;0.50519;3.1276
-1.13166;0.569911;2.98421
-1.19098;0.551076;3.18938
-1.16326;0.507448;3.12573
-1.23211;0.491678;3.36304
-1.13017;0.513537;3.1078
-1.07273;0.596815;2.94803
-1.05324;0.552339;3.21649
-1.04822;0.553406;3.08901
-1.13399;0.535338;3.2041
-1.09047;0.581361;3.11915
-1.07644;0.546949;3.19944
-1.06243;0.487873;3.19131
-1.016;0.558005;3.07139
-1.02024;0.580507;3.06797
-1.07342;0.520271;3.20845
-1.10085;0.511929;3.20663
-1.10469;0.489476;3.23738
-1.00564;0.597527;3.00043
-1.12856;0.507535;3.20516
-1.15179;0.492204;3.29617
-1.08098;0.601648;3.07154
-0.959884;0.586908;2.9347
-1.02046;0.584917;2.96343
-1.17382;0.503607;3.36511
-1.07686;0.525683;3.11152
-1.0232;0.562017;2.9899
-1.07675;0.54715;3.09403
-0.958311;0.566351;3.17716
-0.957003;0.516079;3.21503
-1.03112;0.514663;3.27768
-0.928748;0.569042;3.04761
-0.964257;0.524684;3.11861
-0.960941;0.541782;3.08742
-1.02442;0.534901;3.23387
-0.860519;0.565493;2.87042
-1.0236;0.512743;3.13489
-1.02169;0.482593;3.26527
-0.952434;0.55996;3.03727
-0.978941;0.606557;3.11121
-0.962802;0.615844;3.03476
-1.02765;0.489628;3.1681
-0.978522;0.483616;3.21167
-1.04308;0.476385;3.2403
-0.976927;0.57828;3.01074
-1.01044;0.549735;3.1655
-0.951653;0.538617;3.17348
-0.995275;0.5677;3.09276
-0.991881;0.512948;3.23967
-0.91667;0.584256;2.98331
-0.938224;0.476394;3.29742
-0.919745;0.592636;3.2448
-0.905321;0.532495;3.10202
-0.847533;0.541205;3.08785
-0.887641;0.520564;3.30249
-0.849385;0.561875;3.0737
-0.812312;0.585569;3.0067
-0.862549;0.50195;3.06201
-0.901821;0.551127;3.06772
-0.845015;0.605608;3.01084
-0.928771;0.497406;3.23718
-0.920928;0.490785;3.34438
-0.87036;0.532589;3.07098
-0.872981;0.534371;3.21696
-0.809354;0.603595;2.97191
-0.84386;0.578738;2.90325
-0.885763;0.587586;3.08872
-0.925883;0.522183;3.20337
-0.972227;0.499483;3.29436
-0.899494;0.570913;3.03851
-0.823649;0.504516;3.30159
-0.771446;0.538554;3.13779
-0.778438;0.567548;3.14414
-0.841883;0.538874;3.20431
-0.761496;0.599039;3.01537
-0.798963;0.579216;3.08808
-0.806087;0.512751;3.19594
-0.7946;0.482463;3.32995
-0.733159;0.560521;3.05846
-0.831835;0.577427;3.11288
-0.783584;0.592479;2.99656
-0.740131;0.584301;3.06624
-0.77876;0.567734;3.14565
-0.824729;0.551077;3.10608
-0.827936;0.483398;3.19344
-0.801677;0.556013;3.12549
-0.770273;0.583535;3.08066
-0.843247;0.515328;3.23525
-0.785524;0.526434;3.23059
-0.730139;0.598554;2.99217
-0.779615;0.498626;3.2299
-0.81413;0.546496;3.20575
-0.722966;0.487543;3.26034
-0.675719;0.567018;3.03854
-0.716524;0.573376;3.10999
-0.740044;0.518196;3.14633
-0.708508;0.608473;3.01511
-0.662833;0.56483;3.14617
-0.710821;0.502152;3.16702
-0.692059;0.558792;3.15497
-0.67519;0.520339;3.09474
-0.736047;0.545663;3.26753
-0.747983;0.501332;3.21363
-0.719517;0.595515;3.09792
-0.763147;0.560076;3.23166
-0.760416;0.482275;3.30641
-0.704407;0.540042;3.07665
-0.652476;0.594952;3.02787
-0.676869;0.609465;2.98814
-0.697798;0.519652;3.24738
-0.662734;0.541666;3.17757
-0.697553;0.49642;3.27798
-0.665113;0.590477;3.12761
-0.651988;0.494799;3.3881
-0.600186;0.503722;3.20769
-0.573007;0.534624;3.17617
-0.627806;0.540582;3.13584
-0.603221;0.527085;3.19059
-0.57612;0.557967;2.91933
-0.542064;0.593377;3.0376
-0.655021;0.490664;3.19875
-0.637884;0.506043;3.2654
-0.620029;0.596413;2.99378
-0.569727;0.531042;2.91214
-0.620471;0.554042;3.05965
-0.540843;0.610526;2.99232
-0.57158;0.552196;3.12849
-0.562404;0.561742;3.03141
-0.592946;0.537978;3.09012
-0.556971;0.571467;2.96158
-0.637175;0.527992;3.22594
-0.619858;0.576705;3.02408
-0.59991;0.477144;3.24414
-0.652927;0.511487;3.15402
-0.48527;0.543829;3.14413
-0.486155;0.526989;3.19855
-0.601192;0.516583;3.44866
-0.515103;0.561932;3.11772
-0.521445;0.509766;3.29994
-0.516546;0.520589;3.21597
-0.545257;0.518982;3.21881
-0.452704;0.598634;2.96065
-0.521482;0.589756;3.12343
-0.456606;0.566795;3.08657
-0.506812;0.591561;2.9756
-0.586476;0.523036;3.30662
-0.486209;0.603181;3.01856
-0.59887;0.514879;3.43264
-0.457964;0.587503;3.05064
-0.529468;0.601442;3.18265
-0.487176;0.566433;3.11383
-0.549348;0.584944;3.12612
-0.517249;0.544105;3.17685
-0.473962;0.565562;2.96447
-0.543868;0.493527;3.25089
-0.538297;0.532857;3.128
-0.545646;0.559035;3.13969
-0.47885;0.494956;3.18558
-0.404606;0.530258;3.29373
-0.397258;0.496149;3.27971
-0.403228;0.545684;3.21583
-0.460358;0.516148;3.27267
-0.371444;0.561468;3.10969
-0.429795;0.497246;3.31514
-0.493153;0.491674;3.35702
-0.426009;0.533708;3.16216
-0.437182;0.621914;3.05597
-0.423366;0.545842;3.08201
-0.40752;0.604122;3.08395
-0.402802;0.563789;3.15077
-0.375975;0.586771;3.09737
-0.397083;0.601724;2.92615
-0.459178;0.534177;3.2092
-0.42095;0.573924;2.95721
-0.462632;0.495326;3.34877
-0.4319;0.576657;3.10987
-0.459302;0.554375;3.15942
-0.374577;0.59678;3.02064
-0.430826;0.519159;3.2659
-0.40203;0.576548;3.085
-0.370566;0.510355;3.30588
-0.343545;0.580571;3.03356
-0.336267;0.487717;3.31836
-0.286009;0.557596;3.15288
-0.367906;0.540361;3.13464
-0.310059;0.517246;3.27247
-0.370426;0.525736;3.2325
-0.306095;0.51842;3.12258
-0.346034;0.542838;3.28777
-0.345701;0.569927;3.1314
-0.348137;0.607962;3.02372
-0.312035;0.561336;3.04435
-0.287307;0.551841;3.27574
-0.306281;0.492411;3.30739
-0.269588;0.626696;3.04839
-0.294367;0.594737;3.1958
-0.343068;0.549269;3.17118
-0.295564;0.620515;3.03489
-0.293937;0.602001;3.09646
-0.310433;0.543696;3.10235
-0.318619;0.588548;3.05985
-0.337788;0.508964;3.25656
-0.31782;0.599041;2.97263
-0.252968;0.536933;3.16461
-0.252208;0.528641;3.27152
-0.195648;0.542133;3.11749
-0.195218;0.545469;3.30049
-0.277051;0.496479;3.30842
-0.210522;0.61078;3.05775
-0.258218;0.572965;3.04309
-0.26596;0.606146;3.08405
-0.257501;0.563078;3.13925
-0.205768;0.589865;3.08069
-0.230354;0.570323;3.15318
-0.225628;0.546829;3.17922
-0.188045;0.510466;3.25856
-0.219734;0.517635;3.17724
-0.182252;0.606085;3.01412
-0.178147;0.595585;3.06673
-0.235579;0.596226;3.01498
-0.279994;0.519306;3.25134
-0.246567;0.499382;3.27929
-0.234247;0.590678;3.1102
-0.200953;0.568714;3.10576
-0.159916;0.521771;3.29607
-0.125421;0.51192;3.3923
-0.0854779;0.562337;3.10314
-0.118685;0.587287;3.11683
-0.162182;0.517602;3.10827
-0.107457;0.547289;3.21467
